bookmarks,conversation_id,created_at,display_text_range/0,display_text_range/1,entities/hashtags/0/indices/0,entities/hashtags/0/indices/1,entities/hashtags/0/text,entities/media/0/allow_download_status/allow_download,entities/media/0/display_url,entities/media/0/expanded_url,entities/media/0/ext_media_availability/status,entities/media/0/features/large/faces/0/h,entities/media/0/features/large/faces/0/w,entities/media/0/features/large/faces/0/x,entities/media/0/features/large/faces/0/y,entities/media/0/features/large/faces/1/h,entities/media/0/features/large/faces/1/w,entities/media/0/features/large/faces/1/x,entities/media/0/features/large/faces/1/y,entities/media/0/features/large/faces/2/h,entities/media/0/features/large/faces/2/w,entities/media/0/features/large/faces/2/x,entities/media/0/features/large/faces/2/y,entities/media/0/features/large/faces/3/h,entities/media/0/features/large/faces/3/w,entities/media/0/features/large/faces/3/x,entities/media/0/features/large/faces/3/y,entities/media/0/features/large/faces/4/h,entities/media/0/features/large/faces/4/w,entities/media/0/features/large/faces/4/x,entities/media/0/features/large/faces/4/y,entities/media/0/features/large/faces/5/h,entities/media/0/features/large/faces/5/w,entities/media/0/features/large/faces/5/x,entities/media/0/features/large/faces/5/y,entities/media/0/features/medium/faces/0/h,entities/media/0/features/medium/faces/0/w,entities/media/0/features/medium/faces/0/x,entities/media/0/features/medium/faces/0/y,entities/media/0/features/medium/faces/1/h,entities/media/0/features/medium/faces/1/w,entities/media/0/features/medium/faces/1/x,entities/media/0/features/medium/faces/1/y,entities/media/0/features/medium/faces/2/h,entities/media/0/features/medium/faces/2/w,entities/media/0/features/medium/faces/2/x,entities/media/0/features/medium/faces/2/y,entities/media/0/features/medium/faces/3/h,entities/media/0/features/medium/faces/3/w,entities/media/0/features/medium/faces/3/x,entities/media/0/features/medium/faces/3/y,entities/media/0/features/medium/faces/4/h,entities/media/0/features/medium/faces/4/w,entities/media/0/features/medium/faces/4/x,entities/media/0/features/medium/faces/4/y,entities/media/0/features/medium/faces/5/h,entities/media/0/features/medium/faces/5/w,entities/media/0/features/medium/faces/5/x,entities/media/0/features/medium/faces/5/y,entities/media/0/features/orig/faces/0/h,entities/media/0/features/orig/faces/0/w,entities/media/0/features/orig/faces/0/x,entities/media/0/features/orig/faces/0/y,entities/media/0/features/orig/faces/1/h,entities/media/0/features/orig/faces/1/w,entities/media/0/features/orig/faces/1/x,entities/media/0/features/orig/faces/1/y,entities/media/0/features/orig/faces/2/h,entities/media/0/features/orig/faces/2/w,entities/media/0/features/orig/faces/2/x,entities/media/0/features/orig/faces/2/y,entities/media/0/features/orig/faces/3/h,entities/media/0/features/orig/faces/3/w,entities/media/0/features/orig/faces/3/x,entities/media/0/features/orig/faces/3/y,entities/media/0/features/orig/faces/4/h,entities/media/0/features/orig/faces/4/w,entities/media/0/features/orig/faces/4/x,entities/media/0/features/orig/faces/4/y,entities/media/0/features/orig/faces/5/h,entities/media/0/features/orig/faces/5/w,entities/media/0/features/orig/faces/5/x,entities/media/0/features/orig/faces/5/y,entities/media/0/features/small/faces/0/h,entities/media/0/features/small/faces/0/w,entities/media/0/features/small/faces/0/x,entities/media/0/features/small/faces/0/y,entities/media/0/features/small/faces/1/h,entities/media/0/features/small/faces/1/w,entities/media/0/features/small/faces/1/x,entities/media/0/features/small/faces/1/y,entities/media/0/features/small/faces/2/h,entities/media/0/features/small/faces/2/w,entities/media/0/features/small/faces/2/x,entities/media/0/features/small/faces/2/y,entities/media/0/features/small/faces/3/h,entities/media/0/features/small/faces/3/w,entities/media/0/features/small/faces/3/x,entities/media/0/features/small/faces/3/y,entities/media/0/features/small/faces/4/h,entities/media/0/features/small/faces/4/w,entities/media/0/features/small/faces/4/x,entities/media/0/features/small/faces/4/y,entities/media/0/features/small/faces/5/h,entities/media/0/features/small/faces/5/w,entities/media/0/features/small/faces/5/x,entities/media/0/features/small/faces/5/y,entities/media/0/id_str,entities/media/0/indices/0,entities/media/0/indices/1,entities/media/0/media_key,entities/media/0/media_results/result/media_key,entities/media/0/media_url_https,entities/media/0/original_info/focus_rects/0/h,entities/media/0/original_info/focus_rects/0/w,entities/media/0/original_info/focus_rects/0/x,entities/media/0/original_info/focus_rects/0/y,entities/media/0/original_info/focus_rects/1/h,entities/media/0/original_info/focus_rects/1/w,entities/media/0/original_info/focus_rects/1/x,entities/media/0/original_info/focus_rects/1/y,entities/media/0/original_info/focus_rects/2/h,entities/media/0/original_info/focus_rects/2/w,entities/media/0/original_info/focus_rects/2/x,entities/media/0/original_info/focus_rects/2/y,entities/media/0/original_info/focus_rects/3/h,entities/media/0/original_info/focus_rects/3/w,entities/media/0/original_info/focus_rects/3/x,entities/media/0/original_info/focus_rects/3/y,entities/media/0/original_info/focus_rects/4/h,entities/media/0/original_info/focus_rects/4/w,entities/media/0/original_info/focus_rects/4/x,entities/media/0/original_info/focus_rects/4/y,entities/media/0/original_info/height,entities/media/0/original_info/width,entities/media/0/sizes/large/h,entities/media/0/sizes/large/resize,entities/media/0/sizes/large/w,entities/media/0/sizes/medium/h,entities/media/0/sizes/medium/resize,entities/media/0/sizes/medium/w,entities/media/0/sizes/small/h,entities/media/0/sizes/small/resize,entities/media/0/sizes/small/w,entities/media/0/sizes/thumb/h,entities/media/0/sizes/thumb/resize,entities/media/0/sizes/thumb/w,entities/media/0/type,entities/media/0/url,entities/media/1/allow_download_status/allow_download,entities/media/1/display_url,entities/media/1/expanded_url,entities/media/1/ext_media_availability/status,entities/media/1/features/large/faces/0/h,entities/media/1/features/large/faces/0/w,entities/media/1/features/large/faces/0/x,entities/media/1/features/large/faces/0/y,entities/media/1/features/large/faces/1/h,entities/media/1/features/large/faces/1/w,entities/media/1/features/large/faces/1/x,entities/media/1/features/large/faces/1/y,entities/media/1/features/large/faces/2/h,entities/media/1/features/large/faces/2/w,entities/media/1/features/large/faces/2/x,entities/media/1/features/large/faces/2/y,entities/media/1/features/large/faces/3/h,entities/media/1/features/large/faces/3/w,entities/media/1/features/large/faces/3/x,entities/media/1/features/large/faces/3/y,entities/media/1/features/large/faces/4/h,entities/media/1/features/large/faces/4/w,entities/media/1/features/large/faces/4/x,entities/media/1/features/large/faces/4/y,entities/media/1/features/large/faces/5/h,entities/media/1/features/large/faces/5/w,entities/media/1/features/large/faces/5/x,entities/media/1/features/large/faces/5/y,entities/media/1/features/medium/faces/0/h,entities/media/1/features/medium/faces/0/w,entities/media/1/features/medium/faces/0/x,entities/media/1/features/medium/faces/0/y,entities/media/1/features/medium/faces/1/h,entities/media/1/features/medium/faces/1/w,entities/media/1/features/medium/faces/1/x,entities/media/1/features/medium/faces/1/y,entities/media/1/features/medium/faces/2/h,entities/media/1/features/medium/faces/2/w,entities/media/1/features/medium/faces/2/x,entities/media/1/features/medium/faces/2/y,entities/media/1/features/medium/faces/3/h,entities/media/1/features/medium/faces/3/w,entities/media/1/features/medium/faces/3/x,entities/media/1/features/medium/faces/3/y,entities/media/1/features/medium/faces/4/h,entities/media/1/features/medium/faces/4/w,entities/media/1/features/medium/faces/4/x,entities/media/1/features/medium/faces/4/y,entities/media/1/features/medium/faces/5/h,entities/media/1/features/medium/faces/5/w,entities/media/1/features/medium/faces/5/x,entities/media/1/features/medium/faces/5/y,entities/media/1/features/orig/faces/0/h,entities/media/1/features/orig/faces/0/w,entities/media/1/features/orig/faces/0/x,entities/media/1/features/orig/faces/0/y,entities/media/1/features/orig/faces/1/h,entities/media/1/features/orig/faces/1/w,entities/media/1/features/orig/faces/1/x,entities/media/1/features/orig/faces/1/y,entities/media/1/features/orig/faces/2/h,entities/media/1/features/orig/faces/2/w,entities/media/1/features/orig/faces/2/x,entities/media/1/features/orig/faces/2/y,entities/media/1/features/orig/faces/3/h,entities/media/1/features/orig/faces/3/w,entities/media/1/features/orig/faces/3/x,entities/media/1/features/orig/faces/3/y,entities/media/1/features/orig/faces/4/h,entities/media/1/features/orig/faces/4/w,entities/media/1/features/orig/faces/4/x,entities/media/1/features/orig/faces/4/y,entities/media/1/features/orig/faces/5/h,entities/media/1/features/orig/faces/5/w,entities/media/1/features/orig/faces/5/x,entities/media/1/features/orig/faces/5/y,entities/media/1/features/small/faces/0/h,entities/media/1/features/small/faces/0/w,entities/media/1/features/small/faces/0/x,entities/media/1/features/small/faces/0/y,entities/media/1/features/small/faces/1/h,entities/media/1/features/small/faces/1/w,entities/media/1/features/small/faces/1/x,entities/media/1/features/small/faces/1/y,entities/media/1/features/small/faces/2/h,entities/media/1/features/small/faces/2/w,entities/media/1/features/small/faces/2/x,entities/media/1/features/small/faces/2/y,entities/media/1/features/small/faces/3/h,entities/media/1/features/small/faces/3/w,entities/media/1/features/small/faces/3/x,entities/media/1/features/small/faces/3/y,entities/media/1/features/small/faces/4/h,entities/media/1/features/small/faces/4/w,entities/media/1/features/small/faces/4/x,entities/media/1/features/small/faces/4/y,entities/media/1/features/small/faces/5/h,entities/media/1/features/small/faces/5/w,entities/media/1/features/small/faces/5/x,entities/media/1/features/small/faces/5/y,entities/media/1/id_str,entities/media/1/indices/0,entities/media/1/indices/1,entities/media/1/media_key,entities/media/1/media_results/result/media_key,entities/media/1/media_url_https,entities/media/1/original_info/focus_rects/0/h,entities/media/1/original_info/focus_rects/0/w,entities/media/1/original_info/focus_rects/0/x,entities/media/1/original_info/focus_rects/0/y,entities/media/1/original_info/focus_rects/1/h,entities/media/1/original_info/focus_rects/1/w,entities/media/1/original_info/focus_rects/1/x,entities/media/1/original_info/focus_rects/1/y,entities/media/1/original_info/focus_rects/2/h,entities/media/1/original_info/focus_rects/2/w,entities/media/1/original_info/focus_rects/2/x,entities/media/1/original_info/focus_rects/2/y,entities/media/1/original_info/focus_rects/3/h,entities/media/1/original_info/focus_rects/3/w,entities/media/1/original_info/focus_rects/3/x,entities/media/1/original_info/focus_rects/3/y,entities/media/1/original_info/focus_rects/4/h,entities/media/1/original_info/focus_rects/4/w,entities/media/1/original_info/focus_rects/4/x,entities/media/1/original_info/focus_rects/4/y,entities/media/1/original_info/height,entities/media/1/original_info/width,entities/media/1/sizes/large/h,entities/media/1/sizes/large/resize,entities/media/1/sizes/large/w,entities/media/1/sizes/medium/h,entities/media/1/sizes/medium/resize,entities/media/1/sizes/medium/w,entities/media/1/sizes/small/h,entities/media/1/sizes/small/resize,entities/media/1/sizes/small/w,entities/media/1/sizes/thumb/h,entities/media/1/sizes/thumb/resize,entities/media/1/sizes/thumb/w,entities/media/1/type,entities/media/1/url,entities/media/2/allow_download_status/allow_download,entities/media/2/display_url,entities/media/2/expanded_url,entities/media/2/ext_media_availability/status,entities/media/2/features/large/faces/0/h,entities/media/2/features/large/faces/0/w,entities/media/2/features/large/faces/0/x,entities/media/2/features/large/faces/0/y,entities/media/2/features/large/faces/1/h,entities/media/2/features/large/faces/1/w,entities/media/2/features/large/faces/1/x,entities/media/2/features/large/faces/1/y,entities/media/2/features/large/faces/2/h,entities/media/2/features/large/faces/2/w,entities/media/2/features/large/faces/2/x,entities/media/2/features/large/faces/2/y,entities/media/2/features/large/faces/3/h,entities/media/2/features/large/faces/3/w,entities/media/2/features/large/faces/3/x,entities/media/2/features/large/faces/3/y,entities/media/2/features/large/faces/4/h,entities/media/2/features/large/faces/4/w,entities/media/2/features/large/faces/4/x,entities/media/2/features/large/faces/4/y,entities/media/2/features/large/faces/5/h,entities/media/2/features/large/faces/5/w,entities/media/2/features/large/faces/5/x,entities/media/2/features/large/faces/5/y,entities/media/2/features/medium/faces/0/h,entities/media/2/features/medium/faces/0/w,entities/media/2/features/medium/faces/0/x,entities/media/2/features/medium/faces/0/y,entities/media/2/features/medium/faces/1/h,entities/media/2/features/medium/faces/1/w,entities/media/2/features/medium/faces/1/x,entities/media/2/features/medium/faces/1/y,entities/media/2/features/medium/faces/2/h,entities/media/2/features/medium/faces/2/w,entities/media/2/features/medium/faces/2/x,entities/media/2/features/medium/faces/2/y,entities/media/2/features/medium/faces/3/h,entities/media/2/features/medium/faces/3/w,entities/media/2/features/medium/faces/3/x,entities/media/2/features/medium/faces/3/y,entities/media/2/features/medium/faces/4/h,entities/media/2/features/medium/faces/4/w,entities/media/2/features/medium/faces/4/x,entities/media/2/features/medium/faces/4/y,entities/media/2/features/medium/faces/5/h,entities/media/2/features/medium/faces/5/w,entities/media/2/features/medium/faces/5/x,entities/media/2/features/medium/faces/5/y,entities/media/2/features/orig/faces/0/h,entities/media/2/features/orig/faces/0/w,entities/media/2/features/orig/faces/0/x,entities/media/2/features/orig/faces/0/y,entities/media/2/features/orig/faces/1/h,entities/media/2/features/orig/faces/1/w,entities/media/2/features/orig/faces/1/x,entities/media/2/features/orig/faces/1/y,entities/media/2/features/orig/faces/2/h,entities/media/2/features/orig/faces/2/w,entities/media/2/features/orig/faces/2/x,entities/media/2/features/orig/faces/2/y,entities/media/2/features/orig/faces/3/h,entities/media/2/features/orig/faces/3/w,entities/media/2/features/orig/faces/3/x,entities/media/2/features/orig/faces/3/y,entities/media/2/features/orig/faces/4/h,entities/media/2/features/orig/faces/4/w,entities/media/2/features/orig/faces/4/x,entities/media/2/features/orig/faces/4/y,entities/media/2/features/orig/faces/5/h,entities/media/2/features/orig/faces/5/w,entities/media/2/features/orig/faces/5/x,entities/media/2/features/orig/faces/5/y,entities/media/2/features/small/faces/0/h,entities/media/2/features/small/faces/0/w,entities/media/2/features/small/faces/0/x,entities/media/2/features/small/faces/0/y,entities/media/2/features/small/faces/1/h,entities/media/2/features/small/faces/1/w,entities/media/2/features/small/faces/1/x,entities/media/2/features/small/faces/1/y,entities/media/2/features/small/faces/2/h,entities/media/2/features/small/faces/2/w,entities/media/2/features/small/faces/2/x,entities/media/2/features/small/faces/2/y,entities/media/2/features/small/faces/3/h,entities/media/2/features/small/faces/3/w,entities/media/2/features/small/faces/3/x,entities/media/2/features/small/faces/3/y,entities/media/2/features/small/faces/4/h,entities/media/2/features/small/faces/4/w,entities/media/2/features/small/faces/4/x,entities/media/2/features/small/faces/4/y,entities/media/2/features/small/faces/5/h,entities/media/2/features/small/faces/5/w,entities/media/2/features/small/faces/5/x,entities/media/2/features/small/faces/5/y,entities/media/2/id_str,entities/media/2/indices/0,entities/media/2/indices/1,entities/media/2/media_key,entities/media/2/media_results/result/media_key,entities/media/2/media_url_https,entities/media/2/original_info/focus_rects/0/h,entities/media/2/original_info/focus_rects/0/w,entities/media/2/original_info/focus_rects/0/x,entities/media/2/original_info/focus_rects/0/y,entities/media/2/original_info/focus_rects/1/h,entities/media/2/original_info/focus_rects/1/w,entities/media/2/original_info/focus_rects/1/x,entities/media/2/original_info/focus_rects/1/y,entities/media/2/original_info/focus_rects/2/h,entities/media/2/original_info/focus_rects/2/w,entities/media/2/original_info/focus_rects/2/x,entities/media/2/original_info/focus_rects/2/y,entities/media/2/original_info/focus_rects/3/h,entities/media/2/original_info/focus_rects/3/w,entities/media/2/original_info/focus_rects/3/x,entities/media/2/original_info/focus_rects/3/y,entities/media/2/original_info/focus_rects/4/h,entities/media/2/original_info/focus_rects/4/w,entities/media/2/original_info/focus_rects/4/x,entities/media/2/original_info/focus_rects/4/y,entities/media/2/original_info/height,entities/media/2/original_info/width,entities/media/2/sizes/large/h,entities/media/2/sizes/large/resize,entities/media/2/sizes/large/w,entities/media/2/sizes/medium/h,entities/media/2/sizes/medium/resize,entities/media/2/sizes/medium/w,entities/media/2/sizes/small/h,entities/media/2/sizes/small/resize,entities/media/2/sizes/small/w,entities/media/2/sizes/thumb/h,entities/media/2/sizes/thumb/resize,entities/media/2/sizes/thumb/w,entities/media/2/type,entities/media/2/url,entities/media/3/allow_download_status/allow_download,entities/media/3/display_url,entities/media/3/expanded_url,entities/media/3/ext_media_availability/status,entities/media/3/features/large/faces/0/h,entities/media/3/features/large/faces/0/w,entities/media/3/features/large/faces/0/x,entities/media/3/features/large/faces/0/y,entities/media/3/features/large/faces/1/h,entities/media/3/features/large/faces/1/w,entities/media/3/features/large/faces/1/x,entities/media/3/features/large/faces/1/y,entities/media/3/features/large/faces/2/h,entities/media/3/features/large/faces/2/w,entities/media/3/features/large/faces/2/x,entities/media/3/features/large/faces/2/y,entities/media/3/features/large/faces/3/h,entities/media/3/features/large/faces/3/w,entities/media/3/features/large/faces/3/x,entities/media/3/features/large/faces/3/y,entities/media/3/features/large/faces/4/h,entities/media/3/features/large/faces/4/w,entities/media/3/features/large/faces/4/x,entities/media/3/features/large/faces/4/y,entities/media/3/features/large/faces/5/h,entities/media/3/features/large/faces/5/w,entities/media/3/features/large/faces/5/x,entities/media/3/features/large/faces/5/y,entities/media/3/features/medium/faces/0/h,entities/media/3/features/medium/faces/0/w,entities/media/3/features/medium/faces/0/x,entities/media/3/features/medium/faces/0/y,entities/media/3/features/medium/faces/1/h,entities/media/3/features/medium/faces/1/w,entities/media/3/features/medium/faces/1/x,entities/media/3/features/medium/faces/1/y,entities/media/3/features/medium/faces/2/h,entities/media/3/features/medium/faces/2/w,entities/media/3/features/medium/faces/2/x,entities/media/3/features/medium/faces/2/y,entities/media/3/features/medium/faces/3/h,entities/media/3/features/medium/faces/3/w,entities/media/3/features/medium/faces/3/x,entities/media/3/features/medium/faces/3/y,entities/media/3/features/medium/faces/4/h,entities/media/3/features/medium/faces/4/w,entities/media/3/features/medium/faces/4/x,entities/media/3/features/medium/faces/4/y,entities/media/3/features/medium/faces/5/h,entities/media/3/features/medium/faces/5/w,entities/media/3/features/medium/faces/5/x,entities/media/3/features/medium/faces/5/y,entities/media/3/features/orig/faces/0/h,entities/media/3/features/orig/faces/0/w,entities/media/3/features/orig/faces/0/x,entities/media/3/features/orig/faces/0/y,entities/media/3/features/orig/faces/1/h,entities/media/3/features/orig/faces/1/w,entities/media/3/features/orig/faces/1/x,entities/media/3/features/orig/faces/1/y,entities/media/3/features/orig/faces/2/h,entities/media/3/features/orig/faces/2/w,entities/media/3/features/orig/faces/2/x,entities/media/3/features/orig/faces/2/y,entities/media/3/features/orig/faces/3/h,entities/media/3/features/orig/faces/3/w,entities/media/3/features/orig/faces/3/x,entities/media/3/features/orig/faces/3/y,entities/media/3/features/orig/faces/4/h,entities/media/3/features/orig/faces/4/w,entities/media/3/features/orig/faces/4/x,entities/media/3/features/orig/faces/4/y,entities/media/3/features/orig/faces/5/h,entities/media/3/features/orig/faces/5/w,entities/media/3/features/orig/faces/5/x,entities/media/3/features/orig/faces/5/y,entities/media/3/features/small/faces/0/h,entities/media/3/features/small/faces/0/w,entities/media/3/features/small/faces/0/x,entities/media/3/features/small/faces/0/y,entities/media/3/features/small/faces/1/h,entities/media/3/features/small/faces/1/w,entities/media/3/features/small/faces/1/x,entities/media/3/features/small/faces/1/y,entities/media/3/features/small/faces/2/h,entities/media/3/features/small/faces/2/w,entities/media/3/features/small/faces/2/x,entities/media/3/features/small/faces/2/y,entities/media/3/features/small/faces/3/h,entities/media/3/features/small/faces/3/w,entities/media/3/features/small/faces/3/x,entities/media/3/features/small/faces/3/y,entities/media/3/features/small/faces/4/h,entities/media/3/features/small/faces/4/w,entities/media/3/features/small/faces/4/x,entities/media/3/features/small/faces/4/y,entities/media/3/features/small/faces/5/h,entities/media/3/features/small/faces/5/w,entities/media/3/features/small/faces/5/x,entities/media/3/features/small/faces/5/y,entities/media/3/id_str,entities/media/3/indices/0,entities/media/3/indices/1,entities/media/3/media_key,entities/media/3/media_results/result/media_key,entities/media/3/media_url_https,entities/media/3/original_info/focus_rects/0/h,entities/media/3/original_info/focus_rects/0/w,entities/media/3/original_info/focus_rects/0/x,entities/media/3/original_info/focus_rects/0/y,entities/media/3/original_info/focus_rects/1/h,entities/media/3/original_info/focus_rects/1/w,entities/media/3/original_info/focus_rects/1/x,entities/media/3/original_info/focus_rects/1/y,entities/media/3/original_info/focus_rects/2/h,entities/media/3/original_info/focus_rects/2/w,entities/media/3/original_info/focus_rects/2/x,entities/media/3/original_info/focus_rects/2/y,entities/media/3/original_info/focus_rects/3/h,entities/media/3/original_info/focus_rects/3/w,entities/media/3/original_info/focus_rects/3/x,entities/media/3/original_info/focus_rects/3/y,entities/media/3/original_info/focus_rects/4/h,entities/media/3/original_info/focus_rects/4/w,entities/media/3/original_info/focus_rects/4/x,entities/media/3/original_info/focus_rects/4/y,entities/media/3/original_info/height,entities/media/3/original_info/width,entities/media/3/sizes/large/h,entities/media/3/sizes/large/resize,entities/media/3/sizes/large/w,entities/media/3/sizes/medium/h,entities/media/3/sizes/medium/resize,entities/media/3/sizes/medium/w,entities/media/3/sizes/small/h,entities/media/3/sizes/small/resize,entities/media/3/sizes/small/w,entities/media/3/sizes/thumb/h,entities/media/3/sizes/thumb/resize,entities/media/3/sizes/thumb/w,entities/media/3/type,entities/media/3/url,entities/urls/0/display_url,entities/urls/0/expanded_url,entities/urls/0/indices/0,entities/urls/0/indices/1,entities/urls/0/url,favorites,lang,media/photo/0/id,media/photo/0/media_url_https,media/photo/0/sizes/h,media/photo/0/sizes/w,media/photo/1/id,media/photo/1/media_url_https,media/photo/1/sizes/h,media/photo/1/sizes/w,media/photo/2/id,media/photo/2/media_url_https,media/photo/2/sizes/h,media/photo/2/sizes/w,media/photo/3/id,media/photo/3/media_url_https,media/photo/3/sizes/h,media/photo/3/sizes/w,quotes,replies,retweets,screen_name,source,text,tweet_id,type,user_info/avatar,user_info/cover_image,user_info/created_at,user_info/description,user_info/favourites_count,user_info/followers_count,user_info/friends_count,user_info/location,user_info/name,user_info/rest_id,user_info/screen_name,user_info/url,user_info/verified,user_info/verified_type,views,label,confidence
35,2049603536087048304,Wed Apr 29 21:35:37 +0000 2026,0,159,,,,,pic.x.com/RhnT45fUSx,https://x.com/TangledUpdates/status/2049603536087048304/photo/1,Available,117.0,117.0,133.0,170.0,282.0,282.0,277.0,156.0,,,,,,,,,,,,,,,,,117.0,117.0,133.0,170.0,282.0,282.0,277.0,156.0,,,,,,,,,,,,,,,,,117.0,117.0,133.0,170.0,282.0,282.0,277.0,156.0,,,,,,,,,,,,,,,,,104.0,104.0,118.0,151.0,250.0,250.0,246.0,138.0,,,,,,,,,,,,,,,,,2.049603490222334e+18,160.0,183.0,3_2049603490222333952,3_2049603490222333952,https://pbs.twimg.com/media/HHGng90aYAAzvVx.jpg,343.0,612.0,0.0,77.0,612.0,612.0,0.0,0.0,698.0,612.0,0.0,0.0,765.0,383.0,19.0,0.0,765.0,612.0,0.0,0.0,765.0,612.0,765.0,fit,612.0,765.0,fit,612.0,680.0,fit,544.0,150.0,crop,150.0,photo,https://t.co/RhnT45fUSx,,pic.x.com/RhnT45fUSx,https://x.com/TangledUpdates/status/2049603536087048304/photo/1,Available,113.0,113.0,177.0,195.0,242.0,242.0,344.0,196.0,,,,,,,,,,,,,,,,,113.0,113.0,177.0,195.0,242.0,242.0,344.0,196.0,,,,,,,,,,,,,,,,,113.0,113.0,177.0,195.0,242.0,242.0,344.0,196.0,,,,,,,,,,,,,,,,,100.0,100.0,157.0,173.0,215.0,215.0,305.0,174.0,,,,,,,,,,,,,,,,,2.0496034899707003e+18,160.0,183.0,3_2049603489970700288,3_2049603489970700288,https://pbs.twimg.com/media/HHGng84awAA5t4J.jpg,343.0,612.0,0.0,115.0,612.0,612.0,0.0,0.0,698.0,612.0,0.0,0.0,765.0,383.0,57.0,0.0,765.0,612.0,0.0,0.0,765.0,612.0,765.0,fit,612.0,765.0,fit,612.0,680.0,fit,544.0,150.0,crop,150.0,photo,https://t.co/RhnT45fUSx,,pic.x.com/RhnT45fUSx,https://x.com/TangledUpdates/status/2049603536087048304/photo/1,Available,132.0,132.0,165.0,167.0,228.0,228.0,341.0,225.0,,,,,,,,,,,,,,,,,132.0,132.0,165.0,167.0,228.0,228.0,341.0,225.0,,,,,,,,,,,,,,,,,132.0,132.0,165.0,167.0,228.0,228.0,341.0,225.0,,,,,,,,,,,,,,,,,117.0,117.0,146.0,148.0,202.0,202.0,303.0,200.0,,,,,,,,,,,,,,,,,2.0496034899791421e+18,160.0,183.0,3_2049603489979142144,3_2049603489979142144,https://pbs.twimg.com/media/HHGng86bkAA5go-.jpg,343.0,612.0,0.0,77.0,612.0,612.0,0.0,0.0,698.0,612.0,0.0,0.0,765.0,383.0,57.0,0.0,765.0,612.0,0.0,0.0,765.0,612.0,765.0,fit,612.0,765.0,fit,612.0,680.0,fit,544.0,150.0,crop,150.0,photo,https://t.co/RhnT45fUSx,,pic.x.com/RhnT45fUSx,https://x.com/TangledUpdates/status/2049603536087048304/photo/1,Available,130.0,130.0,157.0,88.0,,,,,,,,,,,,,,,,,,,,,130.0,130.0,157.0,88.0,,,,,,,,,,,,,,,,,,,,,130.0,130.0,157.0,88.0,,,,,,,,,,,,,,,,,,,,,115.0,115.0,139.0,78.0,,,,,,,,,,,,,,,,,,,,,2.0496034899874857e+18,160.0,183.0,3_2049603489987485696,3_2049603489987485696,https://pbs.twimg.com/media/HHGng88a4AADeu8.jpg,343.0,612.0,0.0,422.0,612.0,612.0,0.0,153.0,698.0,612.0,0.0,67.0,765.0,383.0,0.0,0.0,765.0,612.0,0.0,0.0,765.0,612.0,765.0,fit,612.0,765.0,fit,612.0,680.0,fit,544.0,150.0,crop,150.0,photo,https://t.co/RhnT45fUSx,,,,,,373,en,2.049603490222334e+18,https://pbs.twimg.com/media/HHGng90aYAAzvVx.jpg,765.0,612.0,2.0496034899707003e+18,https://pbs.twimg.com/media/HHGng84awAA5t4J.jpg,765.0,612.0,2.0496034899791421e+18,https://pbs.twimg.com/media/HHGng86bkAA5go-.jpg,765.0,612.0,2.0496034899874857e+18,https://pbs.twimg.com/media/HHGng88a4AADeu8.jpg,765.0,612.0,9,7,46,TangledUpdates,"<a href=""https://mobile.twitter.com"" rel=""nofollow"">Twitter Web App</a>","🚨🚨| Milo Manheim POSTS PHOTOS ALONGSIDE Teagan Croft (RAPUNZEL) AND Michael Gracey, THE DIRECTOR OF THE UPCOMING LIVE ACTION TANGLED.

Filming starts this June https://t.co/RhnT45fUSx",2049603536087048304,tweet,https://pbs.twimg.com/profile_images/2056141748683112448/WhXGPN6g_normal.jpg,https://pbs.twimg.com/profile_banners/1909764583415595009/1779057677,Wed Apr 09 00:25:43 +0000 2025,"News and updates for Disney's live-action #TANGLED. 

📩 : tangledupdates@gmail.com",1076,3150,46,Kingdom of Corona ☀️,Tangled Updates,1909764583415595009,TangledUpdates,https://discord.com/invite/QMjgstPSSh,False,,10649,neutral,0.9254066944122314
1315,2009007198731632862,Wed Jan 07 21:00:16 +0000 2026,0,135,,,,,pic.x.com/O8a89S9WaE,https://x.com/DisneyStudios/status/2009007198731632862/photo/1,Available,417.0,417.0,641.0,233.0,461.0,461.0,70.0,208.0,,,,,,,,,,,,,,,,,417.0,417.0,641.0,233.0,461.0,461.0,70.0,208.0,,,,,,,,,,,,,,,,,417.0,417.0,641.0,233.0,461.0,461.0,70.0,208.0,,,,,,,,,,,,,,,,,236.0,236.0,363.0,132.0,261.0,261.0,39.0,117.0,,,,,,,,,,,,,,,,,2.0090050623335547e+18,136.0,159.0,3_2009005062333554688,3_2009005062333554688,https://pbs.twimg.com/media/G-FrdcRaYAAfzhw.jpg,672.0,1200.0,0.0,114.0,1200.0,1200.0,0.0,0.0,1200.0,1053.0,147.0,0.0,1200.0,600.0,570.0,0.0,1200.0,1200.0,0.0,0.0,1200.0,1200.0,1200.0,fit,1200.0,1200.0,fit,1200.0,680.0,fit,680.0,150.0,crop,150.0,photo,https://t.co/O8a89S9WaE,,,,,,,,,,,,,,,,,,,,,,,,,,,,,,,,,,,,,,,,,,,,,,,,,,,,,,,,,,,,,,,,,,,,,,,,,,,,,,,,,,,,,,,,,,,,,,,,,,,,,,,,,,,,,,,,,,,,,,,,,,,,,,,,,,,,,,,,,,,,,,,,,,,,,,,,,,,,,,,,,,,,,,,,,,,,,,,,,,,,,,,,,,,,,,,,,,,,,,,,,,,,,,,,,,,,,,,,,,,,,,,,,,,,,,,,,,,,,,,,,,,,,,,,,,,,,,,,,,,,,,,,,,,,,,,,,,,,,,,,,,,,,,,,,,,,,,,,,,,,,,,,,,,,,,,,,,,,,,,,,,,,,,,,,,,,,,,,,,,,,,,,,,,,,,,,,,,,,,,,,,,,,,,,,,,,,,,,,,,,,,,,,,,,,,,,,,,,,,,,,,,,,,,,,,,,,,,,,,,,,,,,,,,,,,,,19962,en,2.0090050623335547e+18,https://pbs.twimg.com/media/G-FrdcRaYAAfzhw.jpg,1200.0,1200.0,,,,,,,,,,,,,1196,364,2359,DisneyStudios,"<a href=""https://studio.twitter.com"" rel=""nofollow"">Twitter Media Studio</a>",Teagan Croft and Milo Manheim are Rapunzel and Flynn Rider in the live-action reimagining of Disney's Tangled. Coming only to theaters. https://t.co/O8a89S9WaE,2009007198731632862,tweet,https://pbs.twimg.com/profile_images/2049144967160029184/c3fYHo52_normal.jpg,https://pbs.twimg.com/profile_banners/36947388/1763399530,Fri May 01 13:59:15 +0000 2009,"The official X account for Walt Disney Studios 🎬
See Moana only in theaters July 10 🌊 https://t.co/h0BAO3M9kS",2070,6199516,272,"Los Angeles, CA",Walt Disney Studios,36947388,DisneyStudios,https://youtu.be/n7f6hlKsxxo?si=nDb3RAHJwn2pDRfM,True,Business,2107261,neutral,0.8581281900405884
147,2009011946742542392,Wed Jan 07 21:19:08 +0000 2026,0,129,,,,,pic.x.com/NKx4Ps2nY0,https://x.com/Variety/status/2009011946742542392/photo/1,Available,404.0,404.0,80.0,153.0,,,,,,,,,,,,,,,,,,,,,323.0,323.0,64.0,122.0,,,,,,,,,,,,,,,,,,,,,404.0,404.0,80.0,153.0,,,,,,,,,,,,,,,,,,,,,183.0,183.0,36.0,69.0,,,,,,,,,,,,,,,,,,,,,2.009011772041384e+18,130.0,153.0,3_2009011772041383937,3_2009011772041383937,https://pbs.twimg.com/media/G-Fxj_4a0AE-ebS.jpg,672.0,1200.0,0.0,76.0,1200.0,1200.0,0.0,0.0,1368.0,1200.0,0.0,0.0,1500.0,750.0,0.0,0.0,1500.0,1200.0,0.0,0.0,1500.0,1200.0,1500.0,fit,1200.0,1200.0,fit,960.0,680.0,fit,544.0,150.0,crop,150.0,photo,https://t.co/NKx4Ps2nY0,,,,,,,,,,,,,,,,,,,,,,,,,,,,,,,,,,,,,,,,,,,,,,,,,,,,,,,,,,,,,,,,,,,,,,,,,,,,,,,,,,,,,,,,,,,,,,,,,,,,,,,,,,,,,,,,,,,,,,,,,,,,,,,,,,,,,,,,,,,,,,,,,,,,,,,,,,,,,,,,,,,,,,,,,,,,,,,,,,,,,,,,,,,,,,,,,,,,,,,,,,,,,,,,,,,,,,,,,,,,,,,,,,,,,,,,,,,,,,,,,,,,,,,,,,,,,,,,,,,,,,,,,,,,,,,,,,,,,,,,,,,,,,,,,,,,,,,,,,,,,,,,,,,,,,,,,,,,,,,,,,,,,,,,,,,,,,,,,,,,,,,,,,,,,,,,,,,,,,,,,,,,,,,,,,,,,,,,,,,,,,,,,,,,,,,,,,,,,,,,,,,,,,,,,,,,,,,,,,,,,,,,,,,variety.com/2026/film/news…,https://variety.com/2026/film/news/tangled-teagan-croft-repunzel-milo-manheim-flynn-rider-1236625542/,106.0,129.0,https://t.co/UVsOyHuYWL,2842,en,2.009011772041384e+18,https://pbs.twimg.com/media/G-Fxj_4a0AE-ebS.jpg,1200.0,960.0,,,,,,,,,,,,,27,53,210,Variety,"<a href=""https://mobile.twitter.com"" rel=""nofollow"">Twitter Web App</a>","Disney’s live-action ""Tangled"" has cast Teagan Croft as Rapunzel, alongside Milo Manheim as Flynn Rider.

https://t.co/UVsOyHuYWL https://t.co/NKx4Ps2nY0",2009011946742542392,tweet,https://pbs.twimg.com/profile_images/1610752949550186496/X5zYP9oV_normal.jpg,https://pbs.twimg.com/profile_banners/17525171/1708531459,Thu Nov 20 23:02:29 +0000 2008,The business of entertainment.,1747,3455876,204608,"Los Angeles, CA",Variety,17525171,Variety,http://www.variety.com,True,Business,94027,neutral,0.8758115768432617
18,2009011732119761344,Wed Jan 07 21:18:17 +0000 2026,0,111,,,,,,,,,,,,,,,,,,,,,,,,,,,,,,,,,,,,,,,,,,,,,,,,,,,,,,,,,,,,,,,,,,,,,,,,,,,,,,,,,,,,,,,,,,,,,,,,,,,,,,,,,,,,,,,,,,,,,,,,,,,,,,,,,,,,,,,,,,,,,,,,,,,,,,,,,,,,,,,,,,,,,,,,,,,,,,,,,,,,,,,,,,,,,,,,,,,,,,,,,,,,,,,,,,,,,,,,,,,,,,,,,,,,,,,,,,,,,,,,,,,,,,,,,,,,,,,,,,,,,,,,,,,,,,,,,,,,,,,,,,,,,,,,,,,,,,,,,,,,,,,,,,,,,,,,,,,,,,,,,,,,,,,,,,,,,,,,,,,,,,,,,,,,,,,,,,,,,,,,,,,,,,,,,,,,,,,,,,,,,,,,,,,,,,,,,,,,,,,,,,,,,,,,,,,,,,,,,,,,,,,,,,,,,,,,,,,,,,,,,,,,,,,,,,,,,,,,,,,,,,,,,,,,,,,,,,,,,,,,,,,,,,,,,,,,,,,,,,,,,,,,,,,,,,,,,,,,,,,,,,,,,,,,,,,,,,,,,,,,,,,,,,,,,,,,,,,,,,,,,,,,,,,,,,,,variety.com/2026/film/news…,https://variety.com/2026/film/news/tangled-teagan-croft-repunzel-milo-manheim-flynn-rider-1236625542/,88.0,111.0,https://t.co/UVsOyHur7d,254,en,,,,,,,,,,,,,,,,,12,4,40,Variety,"<a href=""https://variety.com"" rel=""nofollow"">Variety 10up Autoshare</a>","'Tangled' Live-Action Movie Casts Teagan Croft as Rapunzel, Milo Manheim as Flynn Rider https://t.co/UVsOyHur7d",2009011732119761344,tweet,https://pbs.twimg.com/profile_images/1610752949550186496/X5zYP9oV_normal.jpg,https://pbs.twimg.com/profile_banners/17525171/1708531459,Thu Nov 20 23:02:29 +0000 2008,The business of entertainment.,1747,3455876,204608,"Los Angeles, CA",Variety,17525171,Variety,http://www.variety.com,True,Business,78964,neutral,0.9214286208152771
27,2020885436915183661,Mon Feb 09 15:40:09 +0000 2026,0,123,90.0,98.0,Tangled,,pic.x.com/jFm5Ol8mx1,https://x.com/screenrant/status/2020885436915183661/photo/1,Available,417.0,417.0,641.0,233.0,459.0,459.0,71.0,209.0,,,,,,,,,,,,,,,,,417.0,417.0,641.0,233.0,459.0,459.0,71.0,209.0,,,,,,,,,,,,,,,,,417.0,417.0,641.0,233.0,459.0,459.0,71.0,209.0,,,,,,,,,,,,,,,,,236.0,236.0,363.0,132.0,260.0,260.0,40.0,118.0,,,,,,,,,,,,,,,,,2.020885431303258e+18,124.0,147.0,3_2020885431303258112,3_2020885431303258112,https://pbs.twimg.com/media/HAugl7iXwAA6ihF.jpg,672.0,1200.0,0.0,114.0,1200.0,1200.0,0.0,0.0,1200.0,1053.0,147.0,0.0,1200.0,600.0,570.0,0.0,1200.0,1200.0,0.0,0.0,1200.0,1200.0,1200.0,fit,1200.0,1200.0,fit,1200.0,680.0,fit,680.0,150.0,crop,150.0,photo,https://t.co/jFm5Ol8mx1,,pic.x.com/jFm5Ol8mx1,https://x.com/screenrant/status/2020885436915183661/photo/1,Available,50.0,50.0,209.0,184.0,191.0,191.0,492.0,332.0,,,,,,,,,,,,,,,,,50.0,50.0,209.0,184.0,191.0,191.0,492.0,332.0,,,,,,,,,,,,,,,,,50.0,50.0,209.0,184.0,191.0,191.0,492.0,332.0,,,,,,,,,,,,,,,,,38.0,38.0,160.0,141.0,146.0,146.0,378.0,255.0,,,,,,,,,,,,,,,,,2.020885434285314e+18,124.0,147.0,3_2020885434285314048,3_2020885434285314048,https://pbs.twimg.com/media/HAugmGpWUAAl2Bf.jpg,496.0,885.0,0.0,0.0,856.0,856.0,0.0,0.0,856.0,751.0,0.0,0.0,856.0,428.0,0.0,0.0,856.0,885.0,0.0,0.0,856.0,885.0,856.0,fit,885.0,856.0,fit,885.0,658.0,fit,680.0,150.0,crop,150.0,photo,https://t.co/jFm5Ol8mx1,,,,,,,,,,,,,,,,,,,,,,,,,,,,,,,,,,,,,,,,,,,,,,,,,,,,,,,,,,,,,,,,,,,,,,,,,,,,,,,,,,,,,,,,,,,,,,,,,,,,,,,,,,,,,,,,,,,,,,,,,,,,,,,,,,,,,,,,,,,,,,,,,,,,,,,,,,,,,,,,,,,,,,,,,,,,,,,,,,,,,,,,,,,,,,,,,,,,,,,,,,,,,,,,,,,,,,,,,,,,,,,,,,,,,,,,,,,,,,,,,,,,,,,,,,,,,,,,,,,,,,,,,,,,,,,,,,,,,,,,,,,,,bit.ly/4rxossL,http://bit.ly/4rxossL,100.0,123.0,https://t.co/8h8UeSFJOi,203,en,2.020885431303258e+18,https://pbs.twimg.com/media/HAugl7iXwAA6ihF.jpg,1200.0,1200.0,2.020885434285314e+18,https://pbs.twimg.com/media/HAugmGpWUAAl2Bf.jpg,856.0,885.0,,,,,,,,,2,7,27,screenrant,"<a href=""https://trueanthem.com"" rel=""nofollow"">trueanthem_pro2</a>",ICYMI: Teagan Croft and Milo Manheim are Rapunzel and Flynn Rider in Disney's live-action #Tangled. https://t.co/8h8UeSFJOi https://t.co/jFm5Ol8mx1,2020885436915183661,tweet,https://pbs.twimg.com/profile_images/806564594277875712/hCDshhPk_normal.jpg,https://pbs.twimg.com/profile_banners/14892220/1766160657,Sat May 24 16:20:49 +0000 2008,"ScreenRant has grown into the largest source of breaking entertainment news and original features for movies, TV, comics, anime & gaming since 2003.",9722,439671,593,Everywhere!,ScreenRant,14892220,screenrant,http://screenrant.com,True,,13071,neutral,0.8622434735298157
78,2009008175182491814,Wed Jan 07 21:04:09 +0000 2026,0,80,,,,True,pic.x.com/dHDdpBsZog,https://x.com/screentime/status/2009008175182491814/photo/1,Available,303.0,303.0,386.0,151.0,,,,,,,,,,,,,,,,,,,,,303.0,303.0,386.0,151.0,,,,,,,,,,,,,,,,,,,,,303.0,303.0,386.0,151.0,,,,,,,,,,,,,,,,,,,,,191.0,191.0,244.0,95.0,,,,,,,,,,,,,,,,,,,,,2.0090081716547502e+18,81.0,104.0,3_2009008171654750208,3_2009008171654750208,https://pbs.twimg.com/media/G-FuSbZWoAAxYqR.jpg,602.0,1075.0,0.0,48.0,1075.0,1075.0,0.0,0.0,1075.0,943.0,39.0,0.0,1075.0,538.0,241.0,0.0,1075.0,1075.0,0.0,0.0,1075.0,1075.0,1075.0,fit,1075.0,1075.0,fit,1075.0,680.0,fit,680.0,150.0,crop,150.0,photo,https://t.co/dHDdpBsZog,True,pic.x.com/dHDdpBsZog,https://x.com/screentime/status/2009008175182491814/photo/1,Available,228.0,228.0,193.0,127.0,,,,,,,,,,,,,,,,,,,,,228.0,228.0,193.0,127.0,,,,,,,,,,,,,,,,,,,,,228.0,228.0,193.0,127.0,,,,,,,,,,,,,,,,,,,,,217.0,217.0,184.0,121.0,,,,,,,,,,,,,,,,,,,,,2.0090081716715356e+18,81.0,104.0,3_2009008171671535617,3_2009008171671535617,https://pbs.twimg.com/media/G-FuSbdWwAEY_PQ.jpg,399.0,713.0,0.0,32.0,713.0,713.0,0.0,0.0,713.0,625.0,26.0,0.0,713.0,357.0,160.0,0.0,713.0,713.0,0.0,0.0,713.0,713.0,713.0,fit,713.0,713.0,fit,713.0,680.0,fit,680.0,150.0,crop,150.0,photo,https://t.co/dHDdpBsZog,,,,,,,,,,,,,,,,,,,,,,,,,,,,,,,,,,,,,,,,,,,,,,,,,,,,,,,,,,,,,,,,,,,,,,,,,,,,,,,,,,,,,,,,,,,,,,,,,,,,,,,,,,,,,,,,,,,,,,,,,,,,,,,,,,,,,,,,,,,,,,,,,,,,,,,,,,,,,,,,,,,,,,,,,,,,,,,,,,,,,,,,,,,,,,,,,,,,,,,,,,,,,,,,,,,,,,,,,,,,,,,,,,,,,,,,,,,,,,,,,,,,,,,,,,,,,,,,,,,,,,,,,,,,,,,,,,,,,,,,,,,,,,,,,,1426,en,2.0090081716547502e+18,https://pbs.twimg.com/media/G-FuSbZWoAAxYqR.jpg,1075.0,1075.0,2.0090081716715356e+18,https://pbs.twimg.com/media/G-FuSbdWwAEY_PQ.jpg,713.0,713.0,,,,,,,,,8,43,79,screentime,"<a href=""http://twitter.com/download/iphone"" rel=""nofollow"">Twitter for iPhone</a>",Teagan Croft has been cast as Rapunzel in the ‘TANGLED’ live-action remake movie https://t.co/dHDdpBsZog,2009008175182491814,tweet,https://pbs.twimg.com/profile_images/2008575442601562114/ufK7tLhg_normal.jpg,https://pbs.twimg.com/profile_banners/932786452739407872/1767716679,Tue Nov 21 01:43:15 +0000 2017,"News on TV, Movies, Gaming, Culture, and Entertainment",6796,846258,479,Worldwide,ScreenTime,932786452739407872,screentime,http://dexerto.com/,True,Business,100781,neutral,0.7603892683982849
151,2068058906824188295,Fri Jun 19 19:50:40 +0000 2026,0,81,,,,,pic.x.com/SxPDUyqw6i,https://x.com/cosmic_marvel/status/2068058906824188295/photo/1,Available,266.0,266.0,600.0,400.0,172.0,172.0,1086.0,1784.0,296.0,296.0,760.0,244.0,,,,,,,,,,,,,155.0,155.0,351.0,234.0,100.0,100.0,636.0,1045.0,173.0,173.0,445.0,142.0,,,,,,,,,,,,,266.0,266.0,600.0,400.0,172.0,172.0,1086.0,1784.0,296.0,296.0,760.0,244.0,,,,,,,,,,,,,88.0,88.0,199.0,132.0,57.0,57.0,360.0,592.0,98.0,98.0,252.0,81.0,,,,,,,,,,,,,2.0680588981377925e+18,82.0,105.0,3_2068058898137792512,3_2068058898137792512,https://pbs.twimg.com/media/HLM4nF4WwAAbMrw.jpg,861.0,1538.0,0.0,30.0,1538.0,1538.0,0.0,0.0,1753.0,1538.0,0.0,0.0,2048.0,1024.0,358.0,0.0,2048.0,1538.0,0.0,0.0,2048.0,1538.0,2048.0,fit,1538.0,1200.0,fit,901.0,680.0,fit,511.0,150.0,crop,150.0,photo,https://t.co/SxPDUyqw6i,,pic.x.com/SxPDUyqw6i,https://x.com/cosmic_marvel/status/2068058906824188295/photo/1,Available,460.0,460.0,784.0,530.0,,,,,,,,,,,,,,,,,,,,,269.0,269.0,459.0,310.0,,,,,,,,,,,,,,,,,,,,,460.0,460.0,784.0,530.0,,,,,,,,,,,,,,,,,,,,,152.0,152.0,260.0,175.0,,,,,,,,,,,,,,,,,,,,,2.0680588981335532e+18,82.0,105.0,3_2068058898133553152,3_2068058898133553152,https://pbs.twimg.com/media/HLM4nF3WEAABh7d.jpg,860.0,1536.0,0.0,338.0,1536.0,1536.0,0.0,0.0,1751.0,1536.0,0.0,0.0,2048.0,1024.0,0.0,0.0,2048.0,1536.0,0.0,0.0,2048.0,1536.0,2048.0,fit,1536.0,1200.0,fit,900.0,680.0,fit,510.0,150.0,crop,150.0,photo,https://t.co/SxPDUyqw6i,,,,,,,,,,,,,,,,,,,,,,,,,,,,,,,,,,,,,,,,,,,,,,,,,,,,,,,,,,,,,,,,,,,,,,,,,,,,,,,,,,,,,,,,,,,,,,,,,,,,,,,,,,,,,,,,,,,,,,,,,,,,,,,,,,,,,,,,,,,,,,,,,,,,,,,,,,,,,,,,,,,,,,,,,,,,,,,,,,,,,,,,,,,,,,,,,,,,,,,,,,,,,,,,,,,,,,,,,,,,,,,,,,,,,,,,,,,,,,,,,,,,,,,,,,,,,,,,,,,,,,,,,,,,,,,,,,,,,,,,,,,,,,,,,,1874,en,2.0680588981377925e+18,https://pbs.twimg.com/media/HLM4nF4WwAAbMrw.jpg,1200.0,901.0,2.0680588981335532e+18,https://pbs.twimg.com/media/HLM4nF3WEAABh7d.jpg,1200.0,900.0,,,,,,,,,45,4,97,cosmic_marvel,"<a href=""http://twitter.com/download/iphone"" rel=""nofollow"">Twitter for iPhone</a>","‘TANGLED’ stars Teagan Croft, Milo Manheim and Diego Luna in newly shared photos. https://t.co/SxPDUyqw6i",2068058906824188295,tweet,https://pbs.twimg.com/profile_images/1134138737120559105/6ZOrtTzr_normal.jpg,https://pbs.twimg.com/profile_banners/889095804312469505/1657315876,Sun Jul 23 12:12:13 +0000 2017,"Your #1 source for all things surrounding Marvel, Star Wars, Pixar and Disney | Backup: @thecosmicmarvel",24855,164821,111,TVA,Cosmic Marvel,889095804312469505,cosmic_marvel,,True,,535246,neutral,0.7859904170036316
62,2009012230936006995,Wed Jan 07 21:20:16 +0000 2026,0,129,,,,,pic.x.com/BRTyuuOfmo,https://x.com/Variety/status/2009012230936006995/photo/1,Available,114.0,114.0,616.0,508.0,366.0,366.0,67.0,244.0,,,,,,,,,,,,,,,,,91.0,91.0,492.0,406.0,292.0,292.0,53.0,195.0,,,,,,,,,,,,,,,,,114.0,114.0,616.0,508.0,366.0,366.0,67.0,244.0,,,,,,,,,,,,,,,,,51.0,51.0,279.0,230.0,165.0,165.0,30.0,110.0,,,,,,,,,,,,,,,,,2.0090122116338196e+18,130.0,153.0,3_2009012211633819648,3_2009012211633819648,https://pbs.twimg.com/media/G-Fx9lfbEAA7brC.jpg,672.0,1200.0,0.0,0.0,1200.0,1200.0,0.0,0.0,1368.0,1200.0,0.0,0.0,1500.0,750.0,0.0,0.0,1500.0,1200.0,0.0,0.0,1500.0,1200.0,1500.0,fit,1200.0,1200.0,fit,960.0,680.0,fit,544.0,150.0,crop,150.0,photo,https://t.co/BRTyuuOfmo,,,,,,,,,,,,,,,,,,,,,,,,,,,,,,,,,,,,,,,,,,,,,,,,,,,,,,,,,,,,,,,,,,,,,,,,,,,,,,,,,,,,,,,,,,,,,,,,,,,,,,,,,,,,,,,,,,,,,,,,,,,,,,,,,,,,,,,,,,,,,,,,,,,,,,,,,,,,,,,,,,,,,,,,,,,,,,,,,,,,,,,,,,,,,,,,,,,,,,,,,,,,,,,,,,,,,,,,,,,,,,,,,,,,,,,,,,,,,,,,,,,,,,,,,,,,,,,,,,,,,,,,,,,,,,,,,,,,,,,,,,,,,,,,,,,,,,,,,,,,,,,,,,,,,,,,,,,,,,,,,,,,,,,,,,,,,,,,,,,,,,,,,,,,,,,,,,,,,,,,,,,,,,,,,,,,,,,,,,,,,,,,,,,,,,,,,,,,,,,,,,,,,,,,,,,,,,,,,,,,,,,,,,,variety.com/2026/film/news…,https://variety.com/2026/film/news/tangled-teagan-croft-repunzel-milo-manheim-flynn-rider-1236625542/,106.0,129.0,https://t.co/UVsOyHuYWL,1961,en,2.0090122116338196e+18,https://pbs.twimg.com/media/G-Fx9lfbEAA7brC.jpg,1200.0,960.0,,,,,,,,,,,,,39,19,168,Variety,"<a href=""https://mobile.twitter.com"" rel=""nofollow"">Twitter Web App</a>","Disney’s live-action ""Tangled"" has cast Milo Manheim as Flynn Rider alongside Teagan Croft as Rapunzel. 

https://t.co/UVsOyHuYWL https://t.co/BRTyuuOfmo",2009012230936006995,tweet,https://pbs.twimg.com/profile_images/1610752949550186496/X5zYP9oV_normal.jpg,https://pbs.twimg.com/profile_banners/17525171/1708531459,Thu Nov 20 23:02:29 +0000 2008,The business of entertainment.,1747,3455876,204608,"Los Angeles, CA",Variety,17525171,Variety,http://www.variety.com,True,Business,71577,neutral,0.8766063451766968
4027,2031426198719406554,Tue Mar 10 17:45:22 +0000 2026,0,143,,,,True,pic.x.com/Of7FAmwQPr,https://x.com/PopBase/status/2031426198719406554/photo/1,Available,306.0,306.0,1130.0,184.0,336.0,336.0,100.0,206.0,326.0,326.0,542.0,1194.0,402.0,402.0,508.0,188.0,,,,,,,,,179.0,179.0,662.0,107.0,196.0,196.0,58.0,120.0,191.0,191.0,317.0,699.0,235.0,235.0,297.0,110.0,,,,,,,,,306.0,306.0,1130.0,184.0,336.0,336.0,100.0,206.0,326.0,326.0,542.0,1194.0,402.0,402.0,508.0,188.0,,,,,,,,,101.0,101.0,375.0,61.0,111.0,111.0,33.0,68.0,108.0,108.0,179.0,396.0,133.0,133.0,168.0,62.0,,,,,,,,,2.0314261900080824e+18,144.0,167.0,3_2031426190008082432,3_2031426190008082432,https://pbs.twimg.com/media/HDETW1rbYAAnXex.jpg,860.0,1536.0,0.0,952.0,1536.0,1536.0,0.0,512.0,1751.0,1536.0,0.0,297.0,2048.0,1024.0,256.0,0.0,2048.0,1536.0,0.0,0.0,2048.0,1536.0,2048.0,fit,1536.0,1200.0,fit,900.0,680.0,fit,510.0,150.0,crop,150.0,photo,https://t.co/Of7FAmwQPr,,,,,,,,,,,,,,,,,,,,,,,,,,,,,,,,,,,,,,,,,,,,,,,,,,,,,,,,,,,,,,,,,,,,,,,,,,,,,,,,,,,,,,,,,,,,,,,,,,,,,,,,,,,,,,,,,,,,,,,,,,,,,,,,,,,,,,,,,,,,,,,,,,,,,,,,,,,,,,,,,,,,,,,,,,,,,,,,,,,,,,,,,,,,,,,,,,,,,,,,,,,,,,,,,,,,,,,,,,,,,,,,,,,,,,,,,,,,,,,,,,,,,,,,,,,,,,,,,,,,,,,,,,,,,,,,,,,,,,,,,,,,,,,,,,,,,,,,,,,,,,,,,,,,,,,,,,,,,,,,,,,,,,,,,,,,,,,,,,,,,,,,,,,,,,,,,,,,,,,,,,,,,,,,,,,,,,,,,,,,,,,,,,,,,,,,,,,,,,,,,,,,,,,,,,,,,,,,,,,,,,,,,,,,,,,,81124,en,2.0314261900080824e+18,https://pbs.twimg.com/media/HDETW1rbYAAnXex.jpg,1200.0,900.0,,,,,,,,,,,,,2790,805,6043,PopBase,"<a href=""http://twitter.com/download/iphone"" rel=""nofollow"">Twitter for iPhone</a>","The official cast of Disney’s live-action ‘Tangled’ film:

Teagan Croft as Rapunzel

Milo Manheim as Flynn Rider

Kathryn Hahn as Mother Gothel https://t.co/Of7FAmwQPr",2031426198719406554,tweet,https://pbs.twimg.com/profile_images/1268086791443230737/BRGz4AiW_normal.jpg,https://pbs.twimg.com/profile_banners/1138458175663988738/1585520513,Tue Jun 11 14:49:15 +0000 2019,"Pop Base is your best source for all pop culture related entertainment, news, award show coverage, chart updates, statistics and more. | email@popbase.tv",3811,4428095,2686,,Pop Base,1138458175663988738,PopBase,,True,,3020008,neutral,0.8828163146972656
21,2009010670596141520,Wed Jan 07 21:14:04 +0000 2026,0,92,83.0,91.0,Tangled,,pic.x.com/iHTe90d9zF,https://x.com/screenrant/status/2009010670596141520/photo/1,Available,417.0,417.0,641.0,233.0,461.0,461.0,70.0,208.0,,,,,,,,,,,,,,,,,417.0,417.0,641.0,233.0,461.0,461.0,70.0,208.0,,,,,,,,,,,,,,,,,417.0,417.0,641.0,233.0,461.0,461.0,70.0,208.0,,,,,,,,,,,,,,,,,236.0,236.0,363.0,132.0,261.0,261.0,39.0,117.0,,,,,,,,,,,,,,,,,2.0090106673747067e+18,93.0,116.0,3_2009010667374706689,3_2009010667374706689,https://pbs.twimg.com/media/G-FwjsrXAAEBk1B.jpg,672.0,1200.0,0.0,114.0,1200.0,1200.0,0.0,0.0,1200.0,1053.0,147.0,0.0,1200.0,600.0,570.0,0.0,1200.0,1200.0,0.0,0.0,1200.0,1200.0,1200.0,fit,1200.0,1200.0,fit,1200.0,680.0,fit,680.0,150.0,crop,150.0,photo,https://t.co/iHTe90d9zF,,pic.x.com/iHTe90d9zF,https://x.com/screenrant/status/2009010670596141520/photo/1,Available,50.0,50.0,578.0,44.0,50.0,50.0,210.0,184.0,191.0,191.0,492.0,332.0,,,,,,,,,,,,,50.0,50.0,578.0,44.0,50.0,50.0,210.0,184.0,191.0,191.0,492.0,332.0,,,,,,,,,,,,,50.0,50.0,578.0,44.0,50.0,50.0,210.0,184.0,191.0,191.0,492.0,332.0,,,,,,,,,,,,,38.0,38.0,444.0,33.0,38.0,38.0,161.0,141.0,146.0,146.0,378.0,255.0,,,,,,,,,,,,,2.0090106679493345e+18,93.0,116.0,3_2009010667949334528,3_2009010667949334528,https://pbs.twimg.com/media/G-Fwju0XIAAdBBp.jpg,496.0,885.0,0.0,0.0,856.0,856.0,0.0,0.0,856.0,751.0,0.0,0.0,856.0,428.0,0.0,0.0,856.0,885.0,0.0,0.0,856.0,885.0,856.0,fit,885.0,856.0,fit,885.0,658.0,fit,680.0,150.0,crop,150.0,photo,https://t.co/iHTe90d9zF,,,,,,,,,,,,,,,,,,,,,,,,,,,,,,,,,,,,,,,,,,,,,,,,,,,,,,,,,,,,,,,,,,,,,,,,,,,,,,,,,,,,,,,,,,,,,,,,,,,,,,,,,,,,,,,,,,,,,,,,,,,,,,,,,,,,,,,,,,,,,,,,,,,,,,,,,,,,,,,,,,,,,,,,,,,,,,,,,,,,,,,,,,,,,,,,,,,,,,,,,,,,,,,,,,,,,,,,,,,,,,,,,,,,,,,,,,,,,,,,,,,,,,,,,,,,,,,,,,,,,,,,,,,,,,,,,,,,,,,,,,,,,,,,,,219,en,2.0090106673747067e+18,https://pbs.twimg.com/media/G-FwjsrXAAEBk1B.jpg,1200.0,1200.0,2.0090106679493345e+18,https://pbs.twimg.com/media/G-Fwju0XIAAdBBp.jpg,856.0,885.0,,,,,,,,,4,3,28,screenrant,"<a href=""http://twitter.com/download/android"" rel=""nofollow"">Twitter for Android</a>",Teagan Croft and Milo Manheim are Rapunzel and Flynn Rider in Disney's live-action #Tangled. https://t.co/iHTe90d9zF,2009010670596141520,tweet,https://pbs.twimg.com/profile_images/806564594277875712/hCDshhPk_normal.jpg,https://pbs.twimg.com/profile_banners/14892220/1766160657,Sat May 24 16:20:49 +0000 2008,"ScreenRant has grown into the largest source of breaking entertainment news and original features for movies, TV, comics, anime & gaming since 2003.",9722,439671,593,Everywhere!,ScreenRant,14892220,screenrant,http://screenrant.com,True,,7913,neutral,0.8820302486419678
129,2068037595037356177,Fri Jun 19 18:25:59 +0000 2026,0,171,,,,True,pic.x.com/lqImLxK2ng,https://x.com/TangledUpdates/status/2068037595037356177/photo/1,Available,264.0,264.0,600.0,402.0,290.0,290.0,762.0,246.0,,,,,,,,,,,,,,,,,154.0,154.0,351.0,235.0,169.0,169.0,446.0,144.0,,,,,,,,,,,,,,,,,528.0,528.0,1200.0,804.0,580.0,580.0,1524.0,492.0,,,,,,,,,,,,,,,,,87.0,87.0,199.0,133.0,96.0,96.0,253.0,81.0,,,,,,,,,,,,,,,,,2.0680370542363648e+18,172.0,195.0,3_2068037054236364800,3_2068037054236364800,https://pbs.twimg.com/media/HLMkvnAakAAYbow.jpg,1723.0,3077.0,0.0,60.0,3077.0,3077.0,0.0,0.0,3508.0,3077.0,0.0,0.0,4096.0,2048.0,716.0,0.0,4096.0,3077.0,0.0,0.0,4096.0,3077.0,2048.0,fit,1539.0,1200.0,fit,901.0,680.0,fit,511.0,150.0,crop,150.0,photo,https://t.co/lqImLxK2ng,True,pic.x.com/lqImLxK2ng,https://x.com/TangledUpdates/status/2068037595037356177/photo/1,Available,164.0,164.0,481.0,132.0,,,,,,,,,,,,,,,,,,,,,164.0,164.0,481.0,132.0,,,,,,,,,,,,,,,,,,,,,164.0,164.0,481.0,132.0,,,,,,,,,,,,,,,,,,,,,92.0,92.0,272.0,74.0,,,,,,,,,,,,,,,,,,,,,2.0680375364555448e+18,172.0,195.0,3_2068037536455544832,3_2068037536455544832,https://pbs.twimg.com/media/HLMlLrabUAAbJ8W.jpg,672.0,1200.0,0.0,0.0,675.0,675.0,233.0,0.0,675.0,592.0,274.0,0.0,675.0,338.0,401.0,0.0,675.0,1200.0,0.0,0.0,675.0,1200.0,675.0,fit,1200.0,675.0,fit,1200.0,383.0,fit,680.0,150.0,crop,150.0,photo,https://t.co/lqImLxK2ng,,,,,,,,,,,,,,,,,,,,,,,,,,,,,,,,,,,,,,,,,,,,,,,,,,,,,,,,,,,,,,,,,,,,,,,,,,,,,,,,,,,,,,,,,,,,,,,,,,,,,,,,,,,,,,,,,,,,,,,,,,,,,,,,,,,,,,,,,,,,,,,,,,,,,,,,,,,,,,,,,,,,,,,,,,,,,,,,,,,,,,,,,,,,,,,,,,,,,,,,,,,,,,,,,,,,,,,,,,,,,,,,,,,,,,,,,,,,,,,,,,,,,,,,,,,,,,,,,,,,,,,,,,,,,,,,,,,,,,,,,,,,,,,,,,1666,en,2.0680370542363648e+18,https://pbs.twimg.com/media/HLMkvnAakAAYbow.jpg,1200.0,901.0,2.0680375364555448e+18,https://pbs.twimg.com/media/HLMlLrabUAAbJ8W.jpg,675.0,1200.0,,,,,,,,,20,15,57,TangledUpdates,"<a href=""https://mobile.twitter.com"" rel=""nofollow"">Twitter Web App</a>","🚨🚨 | Teagan Croft (Rapunzel) has been seen with SHORT hair ahead of filming for the live-action 'TANGLED'.

She may be using a wig or cgi for Rapunzel's hair in the movie. https://t.co/lqImLxK2ng",2068037595037356177,tweet,https://pbs.twimg.com/profile_images/2056141748683112448/WhXGPN6g_normal.jpg,https://pbs.twimg.com/profile_banners/1909764583415595009/1779057677,Wed Apr 09 00:25:43 +0000 2025,"News and updates for Disney's live-action #TANGLED. 

📩 : tangledupdates@gmail.com",1076,3150,46,Kingdom of Corona ☀️,Tangled Updates,1909764583415595009,TangledUpdates,https://discord.com/invite/QMjgstPSSh,False,,89663,neutral,0.9378220438957214
2,2009603564457386321,Fri Jan 09 12:30:01 +0000 2026,0,137,,,,True,pic.x.com/GyJSysNEDX,https://x.com/GeeksGamersCom/status/2009603564457386321/photo/1,Available,42.0,42.0,418.0,68.0,195.0,195.0,687.0,207.0,218.0,218.0,468.0,216.0,297.0,297.0,23.0,151.0,340.0,340.0,883.0,146.0,,,,,39.0,39.0,391.0,63.0,182.0,182.0,644.0,194.0,204.0,204.0,438.0,202.0,278.0,278.0,21.0,141.0,318.0,318.0,827.0,136.0,,,,,42.0,42.0,418.0,68.0,195.0,195.0,687.0,207.0,218.0,218.0,468.0,216.0,297.0,297.0,23.0,151.0,340.0,340.0,883.0,146.0,,,,,22.0,22.0,222.0,36.0,103.0,103.0,364.0,109.0,115.0,115.0,248.0,114.0,157.0,157.0,12.0,80.0,180.0,180.0,469.0,77.0,,,,,2.0095253807769231e+18,138.0,161.0,3_2009525380776923136,3_2009525380776923136,https://pbs.twimg.com/media/G-NEr9hXEAAAMu1.jpg,717.0,1280.0,0.0,0.0,720.0,720.0,0.0,0.0,720.0,632.0,0.0,0.0,720.0,360.0,0.0,0.0,720.0,1280.0,0.0,0.0,720.0,1280.0,720.0,fit,1280.0,675.0,fit,1200.0,383.0,fit,680.0,150.0,crop,150.0,photo,https://t.co/GyJSysNEDX,,,,,,,,,,,,,,,,,,,,,,,,,,,,,,,,,,,,,,,,,,,,,,,,,,,,,,,,,,,,,,,,,,,,,,,,,,,,,,,,,,,,,,,,,,,,,,,,,,,,,,,,,,,,,,,,,,,,,,,,,,,,,,,,,,,,,,,,,,,,,,,,,,,,,,,,,,,,,,,,,,,,,,,,,,,,,,,,,,,,,,,,,,,,,,,,,,,,,,,,,,,,,,,,,,,,,,,,,,,,,,,,,,,,,,,,,,,,,,,,,,,,,,,,,,,,,,,,,,,,,,,,,,,,,,,,,,,,,,,,,,,,,,,,,,,,,,,,,,,,,,,,,,,,,,,,,,,,,,,,,,,,,,,,,,,,,,,,,,,,,,,,,,,,,,,,,,,,,,,,,,,,,,,,,,,,,,,,,,,,,,,,,,,,,,,,,,,,,,,,,,,,,,,,,,,,,,,,,,,,,,,,,,,geeksandgamers.com/tangled-live-a…,https://geeksandgamers.com/tangled-live-action-cast/,114.0,137.0,https://t.co/gQShrRzcHt,36,en,2.0095253807769231e+18,https://pbs.twimg.com/media/G-NEr9hXEAAAMu1.jpg,675.0,1200.0,,,,,,,,,,,,,0,4,2,GeeksGamersCom,"<a href=""https://mobile.twitter.com"" rel=""nofollow"">Twitter Web App</a>","Tangled Live-Action Cast: Teagan Croft as Rapunzel, Milo Manheim as Flynn – Will No Race-Swap Bring Controversy? 
https://t.co/gQShrRzcHt https://t.co/GyJSysNEDX",2009603564457386321,tweet,https://pbs.twimg.com/profile_images/1605631473935056904/o6PKWHv4_normal.jpg,https://pbs.twimg.com/profile_banners/377653828/1657150850,Wed Sep 21 22:26:50 +0000 2011,"Latest news in video games, movies, social media and more 🎮🎙️ | https://t.co/vtZHQCHw1a 📩 Advertising  inquiries: Contact@geeksandgamers.com",39480,99792,132,,Geeks + Gamers,377653828,GeeksGamersCom,http://www.GeeksandGamers.com,True,,2266,neutral,0.9160029292106628
13,2009035242422608075,Wed Jan 07 22:51:42 +0000 2026,0,148,,,,True,pic.x.com/9xuyDsbWhN,https://x.com/TangledLA/status/2009035242422608075/photo/1,Available,388.0,388.0,154.0,1520.0,450.0,450.0,844.0,1524.0,,,,,,,,,,,,,,,,,227.0,227.0,90.0,890.0,263.0,263.0,494.0,892.0,,,,,,,,,,,,,,,,,388.0,388.0,154.0,1520.0,450.0,450.0,844.0,1524.0,,,,,,,,,,,,,,,,,128.0,128.0,51.0,504.0,149.0,149.0,280.0,506.0,,,,,,,,,,,,,,,,,2.009035234109485e+18,149.0,172.0,3_2009035234109485057,3_2009035234109485057,https://pbs.twimg.com/media/G-GG5q5W8AEar70.jpg,860.0,1536.0,0.0,1188.0,1536.0,1536.0,0.0,512.0,1751.0,1536.0,0.0,297.0,2048.0,1024.0,0.0,0.0,2048.0,1536.0,0.0,0.0,2048.0,1536.0,2048.0,fit,1536.0,1200.0,fit,900.0,680.0,fit,510.0,150.0,crop,150.0,photo,https://t.co/9xuyDsbWhN,,,,,,,,,,,,,,,,,,,,,,,,,,,,,,,,,,,,,,,,,,,,,,,,,,,,,,,,,,,,,,,,,,,,,,,,,,,,,,,,,,,,,,,,,,,,,,,,,,,,,,,,,,,,,,,,,,,,,,,,,,,,,,,,,,,,,,,,,,,,,,,,,,,,,,,,,,,,,,,,,,,,,,,,,,,,,,,,,,,,,,,,,,,,,,,,,,,,,,,,,,,,,,,,,,,,,,,,,,,,,,,,,,,,,,,,,,,,,,,,,,,,,,,,,,,,,,,,,,,,,,,,,,,,,,,,,,,,,,,,,,,,,,,,,,,,,,,,,,,,,,,,,,,,,,,,,,,,,,,,,,,,,,,,,,,,,,,,,,,,,,,,,,,,,,,,,,,,,,,,,,,,,,,,,,,,,,,,,,,,,,,,,,,,,,,,,,,,,,,,,,,,,,,,,,,,,,,,,,,,,,,,,,,,,,,,255,en,2.009035234109485e+18,https://pbs.twimg.com/media/G-GG5q5W8AEar70.jpg,1200.0,900.0,,,,,,,,,,,,,1,3,23,TangledLA,"<a href=""http://twitter.com/download/iphone"" rel=""nofollow"">Twitter for iPhone</a>","Disney’s best Live Action is coming! ✨

Teagan Croft and Milo Manheim has been cast as Rapunzel and Flynn Rinder in the ‘Tangled’ Live Action movie. https://t.co/9xuyDsbWhN",2009035242422608075,tweet,https://pbs.twimg.com/profile_images/2046685284092215296/cR2RE3D9_normal.jpg,https://pbs.twimg.com/profile_banners/2007600614528954371/1775962844,Sat Jan 03 23:51:37 +0000 2026,"Your #1 source for news, updates & scoop on Disney’s Tangled Live Action.

📧 tangledlacontact@gmail.com",102,2453,17,Corona,Tangled Live-Action News,2007600614528954371,TangledLA,https://www.instagram.com/tangledla,False,,10582,positive,0.8980767726898193
112,2049597809670664676,Wed Apr 29 21:12:52 +0000 2026,0,156,,,,True,pic.x.com/Yn665UfrtG,https://x.com/TangledLA/status/2049597809670664676/photo/1,Available,254.0,254.0,288.0,364.0,597.0,597.0,597.0,341.0,,,,,,,,,,,,,,,,,184.0,184.0,209.0,264.0,434.0,434.0,434.0,248.0,,,,,,,,,,,,,,,,,254.0,254.0,288.0,364.0,597.0,597.0,597.0,341.0,,,,,,,,,,,,,,,,,104.0,104.0,118.0,150.0,246.0,246.0,246.0,140.0,,,,,,,,,,,,,,,,,2.0495978001624228e+18,157.0,180.0,3_2049597800162422784,3_2049597800162422784,https://pbs.twimg.com/media/HHGiVwsacAAbyC7.jpg,739.0,1320.0,0.0,167.0,1320.0,1320.0,0.0,0.0,1505.0,1320.0,0.0,0.0,1650.0,825.0,41.0,0.0,1650.0,1320.0,0.0,0.0,1650.0,1320.0,1650.0,fit,1320.0,1200.0,fit,960.0,680.0,fit,544.0,150.0,crop,150.0,photo,https://t.co/Yn665UfrtG,True,pic.x.com/Yn665UfrtG,https://x.com/TangledLA/status/2049597809670664676/photo/1,Available,264.0,264.0,373.0,410.0,534.0,534.0,734.0,423.0,,,,,,,,,,,,,,,,,192.0,192.0,271.0,298.0,388.0,388.0,533.0,307.0,,,,,,,,,,,,,,,,,264.0,264.0,373.0,410.0,534.0,534.0,734.0,423.0,,,,,,,,,,,,,,,,,108.0,108.0,153.0,168.0,220.0,220.0,302.0,174.0,,,,,,,,,,,,,,,,,2.0495978001415373e+18,157.0,180.0,3_2049597800141537280,3_2049597800141537280,https://pbs.twimg.com/media/HHGiVwnbwAAFIZN.jpg,739.0,1320.0,0.0,249.0,1320.0,1320.0,0.0,0.0,1505.0,1320.0,0.0,0.0,1650.0,825.0,124.0,0.0,1650.0,1320.0,0.0,0.0,1650.0,1320.0,1650.0,fit,1320.0,1200.0,fit,960.0,680.0,fit,544.0,150.0,crop,150.0,photo,https://t.co/Yn665UfrtG,True,pic.x.com/Yn665UfrtG,https://x.com/TangledLA/status/2049597809670664676/photo/1,Available,301.0,301.0,351.0,354.0,,,,,,,,,,,,,,,,,,,,,218.0,218.0,255.0,257.0,,,,,,,,,,,,,,,,,,,,,301.0,301.0,351.0,354.0,,,,,,,,,,,,,,,,,,,,,124.0,124.0,144.0,145.0,,,,,,,,,,,,,,,,,,,,,2.0495977998310769e+18,157.0,180.0,3_2049597799831076864,3_2049597799831076864,https://pbs.twimg.com/media/HHGiVvdagAA4NpB.jpg,739.0,1320.0,0.0,167.0,1320.0,1320.0,0.0,0.0,1505.0,1320.0,0.0,0.0,1650.0,825.0,124.0,0.0,1650.0,1320.0,0.0,0.0,1650.0,1320.0,1650.0,fit,1320.0,1200.0,fit,960.0,680.0,fit,544.0,150.0,crop,150.0,photo,https://t.co/Yn665UfrtG,True,pic.x.com/Yn665UfrtG,https://x.com/TangledLA/status/2049597809670664676/photo/1,Available,51.0,51.0,178.0,343.0,,,,,,,,,,,,,,,,,,,,,37.0,37.0,129.0,249.0,,,,,,,,,,,,,,,,,,,,,51.0,51.0,178.0,343.0,,,,,,,,,,,,,,,,,,,,,21.0,21.0,73.0,141.0,,,,,,,,,,,,,,,,,,,,,2.0495977999692554e+18,157.0,180.0,3_2049597799969255424,3_2049597799969255424,https://pbs.twimg.com/media/HHGiVv-W8AA99o8.jpg,739.0,1320.0,0.0,911.0,1320.0,1320.0,0.0,330.0,1505.0,1320.0,0.0,145.0,1650.0,825.0,0.0,0.0,1650.0,1320.0,0.0,0.0,1650.0,1320.0,1650.0,fit,1320.0,1200.0,fit,960.0,680.0,fit,544.0,150.0,crop,150.0,photo,https://t.co/Yn665UfrtG,,,,,,1386,en,2.0495978001624228e+18,https://pbs.twimg.com/media/HHGiVwsacAAbyC7.jpg,1200.0,960.0,2.0495978001415373e+18,https://pbs.twimg.com/media/HHGiVwnbwAAFIZN.jpg,1200.0,960.0,2.0495977998310769e+18,https://pbs.twimg.com/media/HHGiVvdagAA4NpB.jpg,1200.0,960.0,2.0495977999692554e+18,https://pbs.twimg.com/media/HHGiVv-W8AA99o8.jpg,1200.0,960.0,21,5,94,TangledLA,"<a href=""http://twitter.com/download/iphone"" rel=""nofollow"">Twitter for iPhone</a>","🚨 EVERYBODY, IT’S HAPPENING! 

Milo Manheim shares photos with Teagan Croft (Rapunzel) and Michael Gracey, the director of the upcoming Tangled Live-Action. https://t.co/Yn665UfrtG",2049597809670664676,tweet,https://pbs.twimg.com/profile_images/2046685284092215296/cR2RE3D9_normal.jpg,https://pbs.twimg.com/profile_banners/2007600614528954371/1775962844,Sat Jan 03 23:51:37 +0000 2026,"Your #1 source for news, updates & scoop on Disney’s Tangled Live Action.

📧 tangledlacontact@gmail.com",102,2453,17,Corona,Tangled Live-Action News,2007600614528954371,TangledLA,https://www.instagram.com/tangledla,False,,44603,positive,0.6928212642669678
246,2043858293136015402,Tue Apr 14 01:06:04 +0000 2026,0,203,,,,True,pic.x.com/8bSx4gK8FE,https://x.com/TangledUpdates/status/2043858293136015402/photo/1,Available,53.0,53.0,26.0,480.0,167.0,167.0,461.0,207.0,,,,,,,,,,,,,,,,,53.0,53.0,26.0,480.0,167.0,167.0,461.0,207.0,,,,,,,,,,,,,,,,,53.0,53.0,26.0,480.0,167.0,167.0,461.0,207.0,,,,,,,,,,,,,,,,,33.0,33.0,16.0,301.0,104.0,104.0,289.0,129.0,,,,,,,,,,,,,,,,,2.043857845263999e+18,204.0,227.0,3_2043857845263998977,3_2043857845263998977,https://pbs.twimg.com/media/HF094aZbIAEareO.jpg,566.0,1010.0,0.0,69.0,1010.0,1010.0,0.0,0.0,1084.0,951.0,39.0,0.0,1084.0,542.0,243.0,0.0,1084.0,1010.0,0.0,0.0,1084.0,1010.0,1084.0,fit,1010.0,1084.0,fit,1010.0,680.0,fit,634.0,150.0,crop,150.0,photo,https://t.co/8bSx4gK8FE,True,pic.x.com/8bSx4gK8FE,https://x.com/TangledUpdates/status/2043858293136015402/photo/1,Available,162.0,162.0,481.0,132.0,,,,,,,,,,,,,,,,,,,,,162.0,162.0,481.0,132.0,,,,,,,,,,,,,,,,,,,,,162.0,162.0,481.0,132.0,,,,,,,,,,,,,,,,,,,,,91.0,91.0,272.0,74.0,,,,,,,,,,,,,,,,,,,,,2.0438580859918787e+18,204.0,227.0,3_2043858085991878656,3_2043858085991878656,https://pbs.twimg.com/media/HF0-GbLbEAA5UtE.jpg,672.0,1200.0,0.0,0.0,675.0,675.0,233.0,0.0,675.0,592.0,274.0,0.0,675.0,338.0,401.0,0.0,675.0,1200.0,0.0,0.0,675.0,1200.0,675.0,fit,1200.0,675.0,fit,1200.0,383.0,fit,680.0,150.0,crop,150.0,photo,https://t.co/8bSx4gK8FE,,,,,,,,,,,,,,,,,,,,,,,,,,,,,,,,,,,,,,,,,,,,,,,,,,,,,,,,,,,,,,,,,,,,,,,,,,,,,,,,,,,,,,,,,,,,,,,,,,,,,,,,,,,,,,,,,,,,,,,,,,,,,,,,,,,,,,,,,,,,,,,,,,,,,,,,,,,,,,,,,,,,,,,,,,,,,,,,,,,,,,,,,,,,,,,,,,,,,,,,,,,,,,,,,,,,,,,,,,,,,,,,,,,,,,,,,,,,,,,,,,,,,,,,,,,,,,,,,,,,,,,,,,,,,,,,,,,,,,,,,,,,,,,,,,2790,en,2.043857845263999e+18,https://pbs.twimg.com/media/HF094aZbIAEareO.jpg,1084.0,1010.0,2.0438580859918787e+18,https://pbs.twimg.com/media/HF0-GbLbEAA5UtE.jpg,675.0,1200.0,,,,,,,,,28,22,134,TangledUpdates,"<a href=""https://mobile.twitter.com"" rel=""nofollow"">Twitter Web App</a>","🚨🚨 | Teagan Croft (Rapunzel) has been spotted with longer grown out hair recently, ahead of the June 2026 shoot date for the live action 'TANGLED'.

Are you excited to see Teagan in the role of Rapunzel? https://t.co/8bSx4gK8FE",2043858293136015402,tweet,https://pbs.twimg.com/profile_images/2056141748683112448/WhXGPN6g_normal.jpg,https://pbs.twimg.com/profile_banners/1909764583415595009/1779057677,Wed Apr 09 00:25:43 +0000 2025,"News and updates for Disney's live-action #TANGLED. 

📩 : tangledupdates@gmail.com",1076,3150,46,Kingdom of Corona ☀️,Tangled Updates,1909764583415595009,TangledUpdates,https://discord.com/invite/QMjgstPSSh,False,,84489,neutral,0.5553094744682312
9,2009487045895622877,Fri Jan 09 04:47:00 +0000 2026,0,187,,,,True,pic.x.com/ljhBegnFqM,https://x.com/TangledUpdates/status/2009487045895622877/photo/1,Available,154.0,154.0,656.0,114.0,207.0,207.0,98.0,59.0,185.0,185.0,1210.0,70.0,165.0,165.0,148.0,500.0,214.0,214.0,768.0,507.0,248.0,248.0,1162.0,485.0,115.0,115.0,492.0,85.0,155.0,155.0,73.0,44.0,138.0,138.0,907.0,52.0,123.0,123.0,111.0,375.0,160.0,160.0,576.0,380.0,186.0,186.0,871.0,363.0,154.0,154.0,656.0,114.0,207.0,207.0,98.0,59.0,185.0,185.0,1210.0,70.0,165.0,165.0,148.0,500.0,214.0,214.0,768.0,507.0,248.0,248.0,1162.0,485.0,65.0,65.0,278.0,48.0,87.0,87.0,41.0,25.0,78.0,78.0,514.0,29.0,70.0,70.0,62.0,212.0,90.0,90.0,326.0,215.0,105.0,105.0,493.0,206.0,2.009486687492264e+18,188.0,211.0,3_2009486687492263936,3_2009486687492263936,https://pbs.twimg.com/media/G-MhftzaUAAppAW.jpg,896.0,1600.0,0.0,0.0,900.0,900.0,0.0,0.0,900.0,789.0,0.0,0.0,900.0,450.0,0.0,0.0,900.0,1600.0,0.0,0.0,900.0,1600.0,900.0,fit,1600.0,675.0,fit,1200.0,383.0,fit,680.0,150.0,crop,150.0,photo,https://t.co/ljhBegnFqM,,,,,,,,,,,,,,,,,,,,,,,,,,,,,,,,,,,,,,,,,,,,,,,,,,,,,,,,,,,,,,,,,,,,,,,,,,,,,,,,,,,,,,,,,,,,,,,,,,,,,,,,,,,,,,,,,,,,,,,,,,,,,,,,,,,,,,,,,,,,,,,,,,,,,,,,,,,,,,,,,,,,,,,,,,,,,,,,,,,,,,,,,,,,,,,,,,,,,,,,,,,,,,,,,,,,,,,,,,,,,,,,,,,,,,,,,,,,,,,,,,,,,,,,,,,,,,,,,,,,,,,,,,,,,,,,,,,,,,,,,,,,,,,,,,,,,,,,,,,,,,,,,,,,,,,,,,,,,,,,,,,,,,,,,,,,,,,,,,,,,,,,,,,,,,,,,,,,,,,,,,,,,,,,,,,,,,,,,,,,,,,,,,,,,,,,,,,,,,,,,,,,,,,,,,,,,,,,,,,,,,,,,,,,,,,,82,en,2.009486687492264e+18,https://pbs.twimg.com/media/G-MhftzaUAAppAW.jpg,675.0,1200.0,,,,,,,,,,,,,2,7,9,TangledUpdates,"<a href=""https://mobile.twitter.com"" rel=""nofollow"">Twitter Web App</a>","The cast of Disney's Live Action Tangled

- Teagan Croft as Rapunzel
- Milo Manheim as Flynn Rider
- Kathryn Hahn as Mother Gothel

Filming starts this June.

Are you happy with the cast? https://t.co/ljhBegnFqM",2009487045895622877,tweet,https://pbs.twimg.com/profile_images/2056141748683112448/WhXGPN6g_normal.jpg,https://pbs.twimg.com/profile_banners/1909764583415595009/1779057677,Wed Apr 09 00:25:43 +0000 2025,"News and updates for Disney's live-action #TANGLED. 

📩 : tangledupdates@gmail.com",1076,3150,46,Kingdom of Corona ☀️,Tangled Updates,1909764583415595009,TangledUpdates,https://discord.com/invite/QMjgstPSSh,False,,3504,neutral,0.7839638590812683
1386,2009858018406711455,Sat Jan 10 05:21:07 +0000 2026,0,193,,,,True,pic.x.com/7lqExpvi2p,https://x.com/BuzzingPop/status/2009858018406711455/photo/1,Available,309.0,309.0,210.0,134.0,,,,,,,,,,,,,,,,,,,,,280.0,280.0,190.0,121.0,,,,,,,,,,,,,,,,,,,,,309.0,309.0,210.0,134.0,,,,,,,,,,,,,,,,,,,,,159.0,159.0,108.0,69.0,,,,,,,,,,,,,,,,,,,,,2.009858014388306e+18,194.0,217.0,3_2009858014388305921,3_2009858014388305921,https://pbs.twimg.com/media/G-RzNySWQAEIs_u.jpg,739.0,1320.0,0.0,0.0,1320.0,1320.0,0.0,0.0,1320.0,1158.0,162.0,0.0,1320.0,660.0,660.0,0.0,1320.0,1320.0,0.0,0.0,1320.0,1320.0,1320.0,fit,1320.0,1200.0,fit,1200.0,680.0,fit,680.0,150.0,crop,150.0,photo,https://t.co/7lqExpvi2p,True,pic.x.com/7lqExpvi2p,https://x.com/BuzzingPop/status/2009858018406711455/photo/1,Available,629.0,629.0,679.0,253.0,,,,,,,,,,,,,,,,,,,,,368.0,368.0,398.0,148.0,,,,,,,,,,,,,,,,,,,,,674.0,674.0,728.0,272.0,,,,,,,,,,,,,,,,,,,,,208.0,208.0,225.0,84.0,,,,,,,,,,,,,,,,,,,,,2.0098580143883715e+18,194.0,217.0,3_2009858014388371456,3_2009858014388371456,https://pbs.twimg.com/media/G-RzNySXQAA1mnS.jpg,1229.0,2194.0,0.0,965.0,2194.0,2194.0,0.0,0.0,2194.0,1925.0,80.0,0.0,2194.0,1097.0,494.0,0.0,2194.0,2194.0,0.0,0.0,2194.0,2194.0,2048.0,fit,2048.0,1200.0,fit,1200.0,680.0,fit,680.0,150.0,crop,150.0,photo,https://t.co/7lqExpvi2p,,,,,,,,,,,,,,,,,,,,,,,,,,,,,,,,,,,,,,,,,,,,,,,,,,,,,,,,,,,,,,,,,,,,,,,,,,,,,,,,,,,,,,,,,,,,,,,,,,,,,,,,,,,,,,,,,,,,,,,,,,,,,,,,,,,,,,,,,,,,,,,,,,,,,,,,,,,,,,,,,,,,,,,,,,,,,,,,,,,,,,,,,,,,,,,,,,,,,,,,,,,,,,,,,,,,,,,,,,,,,,,,,,,,,,,,,,,,,,,,,,,,,,,,,,,,,,,,,,,,,,,,,,,,,,,,,,,,,,,,,,,,,,,,,,15202,en,2.009858014388306e+18,https://pbs.twimg.com/media/G-RzNySWQAEIs_u.jpg,1200.0,1200.0,2.0098580143883715e+18,https://pbs.twimg.com/media/G-RzNySXQAA1mnS.jpg,1200.0,1200.0,,,,,,,,,175,55,168,BuzzingPop,"<a href=""http://twitter.com/download/iphone"" rel=""nofollow"">Twitter for iPhone</a>","Teagan Croft, who was cast as Rapunzel in ‘Tangled’ live-action film, liked a post suggesting Sabrina Carpenter was overlooked for the lead because she was considered “too pretty for the role.” https://t.co/7lqExpvi2p",2009858018406711455,tweet,https://pbs.twimg.com/profile_images/1482519386829340681/68Il6Wnp_normal.jpg,https://pbs.twimg.com/profile_banners/1153391118773604352/1642292478,Mon Jul 22 19:47:26 +0000 2019,Buzzingpop. Where news breaks before it’s recycled 🍯  email: buzzingpopofficial@gmail.com,30175,262283,1043,,Buzzing Pop,1153391118773604352,BuzzingPop,,True,,799955,neutral,0.8011848330497742
91,2049598219731030477,Wed Apr 29 21:14:29 +0000 2026,0,129,,,,,pic.x.com/hJlosuQjxf,https://x.com/cosmic_marvel/status/2049598219731030477/photo/1,Available,259.0,259.0,288.0,374.0,596.0,596.0,603.0,359.0,,,,,,,,,,,,,,,,,182.0,182.0,202.0,262.0,419.0,419.0,423.0,252.0,,,,,,,,,,,,,,,,,259.0,259.0,288.0,374.0,596.0,596.0,603.0,359.0,,,,,,,,,,,,,,,,,103.0,103.0,114.0,149.0,237.0,237.0,240.0,143.0,,,,,,,,,,,,,,,,,2.049598208561877e+18,130.0,153.0,3_2049598208561876992,3_2049598208561876992,https://pbs.twimg.com/media/HHGitiGbkAAlNpx.jpg,739.0,1320.0,0.0,184.0,1320.0,1320.0,0.0,0.0,1505.0,1320.0,0.0,0.0,1706.0,853.0,42.0,0.0,1706.0,1320.0,0.0,0.0,1706.0,1320.0,1706.0,fit,1320.0,1200.0,fit,928.0,680.0,fit,526.0,150.0,crop,150.0,photo,https://t.co/hJlosuQjxf,,,,,,,,,,,,,,,,,,,,,,,,,,,,,,,,,,,,,,,,,,,,,,,,,,,,,,,,,,,,,,,,,,,,,,,,,,,,,,,,,,,,,,,,,,,,,,,,,,,,,,,,,,,,,,,,,,,,,,,,,,,,,,,,,,,,,,,,,,,,,,,,,,,,,,,,,,,,,,,,,,,,,,,,,,,,,,,,,,,,,,,,,,,,,,,,,,,,,,,,,,,,,,,,,,,,,,,,,,,,,,,,,,,,,,,,,,,,,,,,,,,,,,,,,,,,,,,,,,,,,,,,,,,,,,,,,,,,,,,,,,,,,,,,,,,,,,,,,,,,,,,,,,,,,,,,,,,,,,,,,,,,,,,,,,,,,,,,,,,,,,,,,,,,,,,,,,,,,,,,,,,,,,,,,,,,,,,,,,,,,,,,,,,,,,,,,,,,,,,,,,,,,,,,,,,,,,,,,,,,,,,,,,,,,,,,1038,en,2.049598208561877e+18,https://pbs.twimg.com/media/HHGitiGbkAAlNpx.jpg,1200.0,928.0,,,,,,,,,,,,,2,4,74,cosmic_marvel,"<a href=""http://twitter.com/download/iphone"" rel=""nofollow"">Twitter for iPhone</a>","Milo Manheim shares a new photo of Teagan Croft.

They will play Flynn Rider and Rapunzel in Disney’s live-action ‘TANGLED’ film. https://t.co/hJlosuQjxf",2049598219731030477,tweet,https://pbs.twimg.com/profile_images/1134138737120559105/6ZOrtTzr_normal.jpg,https://pbs.twimg.com/profile_banners/889095804312469505/1657315876,Sun Jul 23 12:12:13 +0000 2017,"Your #1 source for all things surrounding Marvel, Star Wars, Pixar and Disney | Backup: @thecosmicmarvel",24855,164821,111,TVA,Cosmic Marvel,889095804312469505,cosmic_marvel,,True,,24435,neutral,0.8240640759468079
3,2009025570823115261,Wed Jan 07 22:13:16 +0000 2026,0,192,,,,,pic.x.com/APSocJtTtO,https://x.com/Evie_Magazine/status/2009025570823115261/photo/1,Available,87.0,87.0,60.0,1204.0,296.0,296.0,640.0,159.0,278.0,278.0,146.0,197.0,,,,,,,,,,,,,77.0,77.0,53.0,1070.0,263.0,263.0,568.0,141.0,247.0,247.0,129.0,175.0,,,,,,,,,,,,,87.0,87.0,60.0,1204.0,296.0,296.0,640.0,159.0,278.0,278.0,146.0,197.0,,,,,,,,,,,,,43.0,43.0,30.0,606.0,149.0,149.0,322.0,80.0,140.0,140.0,73.0,99.0,,,,,,,,,,,,,2.0090255078708634e+18,193.0,216.0,3_2009025507870863360,3_2009025507870863360,https://pbs.twimg.com/media/G-F-Dh1XcAAffc9.jpg,605.0,1080.0,0.0,541.0,1080.0,1080.0,0.0,270.0,1231.0,1080.0,0.0,119.0,1350.0,675.0,405.0,0.0,1350.0,1080.0,0.0,0.0,1350.0,1080.0,1350.0,fit,1080.0,1200.0,fit,960.0,680.0,fit,544.0,150.0,crop,150.0,photo,https://t.co/APSocJtTtO,,pic.x.com/APSocJtTtO,https://x.com/Evie_Magazine/status/2009025570823115261/photo/1,Available,266.0,266.0,618.0,258.0,413.0,413.0,46.0,282.0,,,,,,,,,,,,,,,,,236.0,236.0,549.0,229.0,367.0,367.0,40.0,250.0,,,,,,,,,,,,,,,,,266.0,266.0,618.0,258.0,413.0,413.0,46.0,282.0,,,,,,,,,,,,,,,,,133.0,133.0,311.0,129.0,208.0,208.0,23.0,142.0,,,,,,,,,,,,,,,,,2.0090255288130437e+18,193.0,216.0,3_2009025528813043712,3_2009025528813043712,https://pbs.twimg.com/media/G-F-Ev2XwAAGI5v.jpg,605.0,1080.0,0.0,204.0,1080.0,1080.0,0.0,0.0,1231.0,1080.0,0.0,0.0,1350.0,675.0,0.0,0.0,1350.0,1080.0,0.0,0.0,1350.0,1080.0,1350.0,fit,1080.0,1200.0,fit,960.0,680.0,fit,544.0,150.0,crop,150.0,photo,https://t.co/APSocJtTtO,,pic.x.com/APSocJtTtO,https://x.com/Evie_Magazine/status/2009025570823115261/photo/1,Available,319.0,319.0,30.0,300.0,386.0,386.0,557.0,209.0,,,,,,,,,,,,,,,,,283.0,283.0,26.0,266.0,343.0,343.0,495.0,185.0,,,,,,,,,,,,,,,,,319.0,319.0,30.0,300.0,386.0,386.0,557.0,209.0,,,,,,,,,,,,,,,,,160.0,160.0,15.0,151.0,194.0,194.0,280.0,105.0,,,,,,,,,,,,,,,,,2.0090255497928376e+18,193.0,216.0,3_2009025549792837632,3_2009025549792837632,https://pbs.twimg.com/media/G-F-F-AWAAAAy2k.jpg,605.0,1080.0,0.0,204.0,1080.0,1080.0,0.0,0.0,1231.0,1080.0,0.0,0.0,1350.0,675.0,0.0,0.0,1350.0,1080.0,0.0,0.0,1350.0,1080.0,1350.0,fit,1080.0,1200.0,fit,960.0,680.0,fit,544.0,150.0,crop,150.0,photo,https://t.co/APSocJtTtO,,,,,,,,,,,,,,,,,,,,,,,,,,,,,,,,,,,,,,,,,,,,,,,,,,,,,,,,,,,,,,,,,,,,,,,,,,,,,,,,,,,,,,,,,,,,,,,,,,,,,,,,,,,,,,,,,,,,,,,,,,,,,,,,,,,,,,,,,,,,,,,,,,,,40,en,2.0090255078708634e+18,https://pbs.twimg.com/media/G-F-Dh1XcAAffc9.jpg,1200.0,960.0,2.0090255288130437e+18,https://pbs.twimg.com/media/G-F-Ev2XwAAGI5v.jpg,1200.0,960.0,2.0090255497928376e+18,https://pbs.twimg.com/media/G-F-F-AWAAAAy2k.jpg,1200.0,960.0,,,,,6,11,1,Eviemagazine,"<a href=""https://sproutsocial.com"" rel=""nofollow"">Sprout Social</a>","Disney’s live-action ""Tangled"" is officially taking shape. Teagan Croft and Milo Manheim have been cast as Rapunzel and Flynn Rider, with Michael Gracey set to direct. Thoughts on the casting? https://t.co/APSocJtTtO",2009025570823115261,tweet,https://pbs.twimg.com/profile_images/2024503135440445440/gBmW4p9i_normal.jpg,https://pbs.twimg.com/profile_banners/1070137173054291968/1777413083,Wed Dec 05 02:05:59 +0000 2018,"Celebrate your femininity 🌹 Advice, News, and Commentary that’s beautifully honest.",6271,48891,551,,evie,1070137173054291968,Eviemagazine,https://www.eviemagazine.com,True,Business,11143,neutral,0.7531024217605591
24,2009015293801320550,Wed Jan 07 21:32:26 +0000 2026,0,137,,,,True,pic.x.com/5IWdKPsMGc,https://x.com/_filmcrave/status/2009015293801320550/photo/1,Available,343.0,343.0,1099.0,207.0,497.0,497.0,1031.0,1153.0,,,,,,,,,,,,,,,,,201.0,201.0,644.0,121.0,291.0,291.0,604.0,675.0,,,,,,,,,,,,,,,,,539.0,539.0,1724.0,326.0,780.0,780.0,1617.0,1808.0,,,,,,,,,,,,,,,,,114.0,114.0,365.0,69.0,165.0,165.0,342.0,383.0,,,,,,,,,,,,,,,,,2.0090152846868357e+18,138.0,161.0,3_2009015284686835712,3_2009015284686835712,https://pbs.twimg.com/media/G-F0wdgW0AAyUWP.jpg,1438.0,2568.0,0.0,0.0,2568.0,2568.0,0.0,0.0,2928.0,2568.0,0.0,0.0,3210.0,1605.0,0.0,0.0,3210.0,2568.0,0.0,0.0,3210.0,2568.0,2048.0,fit,1638.0,1200.0,fit,960.0,680.0,fit,544.0,150.0,crop,150.0,photo,https://t.co/5IWdKPsMGc,,,,,,,,,,,,,,,,,,,,,,,,,,,,,,,,,,,,,,,,,,,,,,,,,,,,,,,,,,,,,,,,,,,,,,,,,,,,,,,,,,,,,,,,,,,,,,,,,,,,,,,,,,,,,,,,,,,,,,,,,,,,,,,,,,,,,,,,,,,,,,,,,,,,,,,,,,,,,,,,,,,,,,,,,,,,,,,,,,,,,,,,,,,,,,,,,,,,,,,,,,,,,,,,,,,,,,,,,,,,,,,,,,,,,,,,,,,,,,,,,,,,,,,,,,,,,,,,,,,,,,,,,,,,,,,,,,,,,,,,,,,,,,,,,,,,,,,,,,,,,,,,,,,,,,,,,,,,,,,,,,,,,,,,,,,,,,,,,,,,,,,,,,,,,,,,,,,,,,,,,,,,,,,,,,,,,,,,,,,,,,,,,,,,,,,,,,,,,,,,,,,,,,,,,,,,,,,,,,,,,,,,,,,hollywoodreporter.com/movies/movie-n…,https://www.hollywoodreporter.com/movies/movie-news/tangled-live-action-movie-teagan-croft-milo-manheim-1236466753/,114.0,137.0,https://t.co/hFe366riR4,554,en,2.0090152846868357e+18,https://pbs.twimg.com/media/G-F0wdgW0AAyUWP.jpg,1200.0,960.0,,,,,,,,,,,,,7,4,62,_filmcrave,"<a href=""http://twitter.com/download/iphone"" rel=""nofollow"">Twitter for iPhone</a>","Teagan Croft and Milo Manheim have been cast as Rapunzel and Flynn Rider in the live-action ‘TANGLED’ movie. 🎬

🔗 https://t.co/hFe366riR4 https://t.co/5IWdKPsMGc",2009015293801320550,tweet,https://pbs.twimg.com/profile_images/2024888340470779905/rkWYxP5B_normal.jpg,https://pbs.twimg.com/profile_banners/1810002670473850880/1781930785,Sun Jul 07 17:27:31 +0000 2024,"Latest photos and updates on your favorite films, actors and tv shows. — ✉️ Contact: fiilmcrave@gmail.com",53994,34331,215,,Film Crave,1810002670473850880,_filmcrave,https://linktr.ee/filmcrave,True,,10263,neutral,0.8365260362625122
